"state_id","state","month","year","upi_volume_mn","volume_contribution","upi_value_cr","value_contribution","source_file","source_format","month_num","year_month","time_id"
1,"ANDAMAN AND NICOBAR ISLANDS",2023-04-01,2023,1.6,0.02,334.49,0.02,"2023 apr.xlsx","old_state",4,"2023-04",1
1,"ANDAMAN AND NICOBAR ISLANDS",2023-05-01,2023,1.66,0.02,336.3,0.02,"2023 may.xlsx","old_state",5,"2023-05",2
1,"ANDAMAN AND NICOBAR ISLANDS",2023-06-01,2023,1.56,0.02,305.91,0.02,"2023 june.xlsx","old_state",6,"2023-06",3
1,"ANDAMAN AND NICOBAR ISLANDS",2023-07-01,2023,1.69,0.02,318.73,0.02,"2023 july.xlsx","old_state",7,"2023-07",4
1,"ANDAMAN AND NICOBAR ISLANDS",2023-08-01,2023,1.84,0.02,338.88,0.02,"2023 aug.xlsx","old_state",8,"2023-08",5
1,"ANDAMAN AND NICOBAR ISLANDS",2023-09-01,2023,1.87,0.02,347.87,0.02,"2023 sept.xlsx","old_state",9,"2023-09",6
1,"ANDAMAN AND NICOBAR ISLANDS",2023-10-01,2023,2.11,0.02,396.87,0.02,"2023 oct.xlsx","old_state",10,"2023-10",7
1,"ANDAMAN AND NICOBAR ISLANDS",2023-11-01,2023,2.22,0.02,427.62,0.02,"2023 nov.xlsx","old_state",11,"2023-11",8
1,"ANDAMAN AND NICOBAR ISLANDS",2023-12-01,2023,2.64,0.02,491.18,0.03,"2023 dec.xlsx","old_state",12,"2023-12",9
1,"ANDAMAN AND NICOBAR ISLANDS",2024-01-01,2024,2.65,0.02,493.51,0.03,"2024 jan.xlsx","old_state",1,"2024-01",10
1,"ANDAMAN AND NICOBAR ISLANDS",2024-02-01,2024,2.63,0.02,488.59,0.03,"2024 feb.xlsx","old_state",2,"2024-02",11
1,"ANDAMAN AND NICOBAR ISLANDS",2024-03-01,2024,2.95,0.02,525.36,0.03,"2024 mar.xlsx","old_state",3,"2024-03",12
1,"ANDAMAN AND NICOBAR ISLANDS",2024-04-01,2024,3,0.02,535.64,0.03,"2024 apr.xlsx","old_state",4,"2024-04",13
1,"ANDAMAN AND NICOBAR ISLANDS",2024-05-01,2024,3.01,0.02,544.81,0.03,"2024 may.xlsx","old_state",5,"2024-05",14
1,"ANDAMAN AND NICOBAR ISLANDS",2024-06-01,2024,2.9,0.02,489.58,0.02,"2024 jun.xlsx","old_state",6,"2024-06",15
1,"ANDAMAN AND NICOBAR ISLANDS",2024-07-01,2024,2.99,0.02,491.7,0.02,"2024 july.xlsx","old_state",7,"2024-07",16
1,"ANDAMAN AND NICOBAR ISLANDS",2024-08-01,2024,3,0.02,489.24,0.02,"2024 aug.xlsx","old_state",8,"2024-08",17
1,"ANDAMAN AND NICOBAR ISLANDS",2024-09-01,2024,3.03,0.02,490.42,0.02,"2024 sept.xlsx","old_state",9,"2024-09",18
1,"ANDAMAN AND NICOBAR ISLANDS",2024-10-01,2024,3.36,0.02,567.76,0.02,"2024 oct.xlsx","old_state",10,"2024-10",19
1,"ANDAMAN AND NICOBAR ISLANDS",2024-11-01,2024,3.4,0.02,564.94,0.03,"2024 nov.xlsx","old_state",11,"2024-11",20
1,"ANDAMAN AND NICOBAR ISLANDS",2024-12-01,2024,3.8,0.02,634.86,0.03,"2024 dec.xlsx","old_state",12,"2024-12",21
1,"ANDAMAN AND NICOBAR ISLANDS",2025-01-01,2025,3.73,0.02,629.14,0.03,"2025 jan.xlsx","old_state",1,"2025-01",22
1,"ANDAMAN AND NICOBAR ISLANDS",2025-02-01,2025,3.23,0.02,533.96,0.02,"2025 feb.xlsx","old_state",2,"2025-02",23
1,"ANDAMAN AND NICOBAR ISLANDS",2025-03-01,2025,3.66,0.02,597.85,0.02,"2025 mar.xlsx","old_state",3,"2025-03",24
1,"ANDAMAN AND NICOBAR ISLANDS",2025-04-01,2025,3.79,0.02,619.48,0.03,"2025 apr.xlsx","old_state",4,"2025-04",25
1,"ANDAMAN AND NICOBAR ISLANDS",2025-05-01,2025,3.95,0.02,630.83,0.03,"2025 may.xlsx","old_state",5,"2025-05",26
1,"ANDAMAN AND NICOBAR ISLANDS",2025-06-01,2025,3.23,0.02,481.96,0.02,"2025 jun.xlsx","old_state",6,"2025-06",27
1,"ANDAMAN AND NICOBAR ISLANDS",2025-07-01,2025,3.69,0.02,551.63,0.02,"2025 july.xlsx","old_state",7,"2025-07",28
1,"ANDAMAN AND NICOBAR ISLANDS",2025-08-01,2025,3.77,0.02,551.26,0.02,"2025 aug.xlsx","old_state",8,"2025-08",29
1,"ANDAMAN AND NICOBAR ISLANDS",2025-09-01,2025,3.67,0.02,561.59,0.02,"2025 sept.xlsx","old_state",9,"2025-09",30
1,"ANDAMAN AND NICOBAR ISLANDS",2025-10-01,2025,4.11,0.02,658.62,0.02,"2025 oct.xlsx","old_state",10,"2025-10",31
1,"ANDAMAN AND NICOBAR ISLANDS",2025-11-01,2025,4.22,0.02,662.1,0.03,"2025 nov.xlsx","old_state",11,"2025-11",32
1,"ANDAMAN AND NICOBAR ISLANDS",2025-12-01,2025,4.64,0.02,743.64,0.03,"2025 dec.xlsx","old_state",12,"2025-12",33
1,"ANDAMAN AND NICOBAR ISLANDS",2026-01-01,2026,4.69,0.02,766.8,0.03,"2026 jan.xlsx","old_state",1,"2026-01",34
1,"ANDAMAN AND NICOBAR ISLANDS",2026-02-01,2026,4.21,0.02,684.41,0.03,"2026 feb.xlsx","old_state",2,"2026-02",35
1,"ANDAMAN AND NICOBAR ISLANDS",2026-03-01,2026,4.55,0.02,731.89,0.02,"2026 mar.xlsx","new_district_total",3,"2026-03",36
1,"ANDAMAN AND NICOBAR ISLANDS",2026-04-01,2026,4.42,0.02,714.15,0.02,"2026 apr.xlsx","new_district_total",4,"2026-04",37
1,"ANDAMAN AND NICOBAR ISLANDS",2026-05-01,2026,4.34,0.02,692.06,0.02,"2026 may.xlsx","new_district_total",5,"2026-05",38
1,"ANDAMAN AND NICOBAR ISLANDS",2026-06-01,2026,4.09,0.02,618.81,0.02,"2026 jun.xlsx","new_district_total",6,"2026-06",39
2,"ANDHRA PRADESH",2023-04-01,2023,279.96,3.16,59444.05,4.2,"2023 apr.xlsx","old_state",4,"2023-04",1
2,"ANDHRA PRADESH",2023-05-01,2023,300.2,3.19,64986.38,4.36,"2023 may.xlsx","old_state",5,"2023-05",2
2,"ANDHRA PRADESH",2023-06-01,2023,295.26,3.16,62976.99,4.27,"2023 june.xlsx","old_state",6,"2023-06",3
2,"ANDHRA PRADESH",2023-07-01,2023,323.27,3.24,67084.86,4.37,"2023 july.xlsx","old_state",7,"2023-07",4
2,"ANDHRA PRADESH",2023-08-01,2023,349.58,3.3,69909.85,4.43,"2023 aug.xlsx","old_state",8,"2023-08",5
2,"ANDHRA PRADESH",2023-09-01,2023,336.99,3.19,67178.11,4.25,"2023 sept.xlsx","old_state",9,"2023-09",6
2,"ANDHRA PRADESH",2023-10-01,2023,361.83,3.17,71941.95,4.19,"2023 oct.xlsx","old_state",10,"2023-10",7
2,"ANDHRA PRADESH",2023-11-01,2023,376.19,3.35,74054.42,4.26,"2023 nov.xlsx","old_state",11,"2023-11",8
2,"ANDHRA PRADESH",2023-12-01,2023,437.75,3.64,84149.99,4.62,"2023 dec.xlsx","old_state",12,"2023-12",9
2,"ANDHRA PRADESH",2024-01-01,2024,465.48,3.81,90296.94,4.9,"2024 jan.xlsx","old_state",1,"2024-01",10
2,"ANDHRA PRADESH",2024-02-01,2024,462.35,3.82,88395.93,4.84,"2024 feb.xlsx","old_state",2,"2024-02",11
2,"ANDHRA PRADESH",2024-03-01,2024,515.34,3.83,97168.4,4.91,"2024 mar.xlsx","old_state",3,"2024-03",12
2,"ANDHRA PRADESH",2024-04-01,2024,513.63,3.86,98416.61,5.01,"2024 apr.xlsx","old_state",4,"2024-04",13
2,"ANDHRA PRADESH",2024-05-01,2024,526.34,3.75,98342.9,4.81,"2024 may.xlsx","old_state",5,"2024-05",14
2,"ANDHRA PRADESH",2024-06-01,2024,514.47,3.71,94162.9,4.69,"2024 jun.xlsx","old_state",6,"2024-06",15
2,"ANDHRA PRADESH",2024-07-01,2024,535.67,3.71,97187.27,4.71,"2024 july.xlsx","old_state",7,"2024-07",16
2,"ANDHRA PRADESH",2024-08-01,2024,555.05,3.71,99099.85,4.81,"2024 aug.xlsx","old_state",8,"2024-08",17
2,"ANDHRA PRADESH",2024-09-01,2024,542.1,3.6,94580.08,4.58,"2024 sept.xlsx","old_state",9,"2024-09",18
2,"ANDHRA PRADESH",2024-10-01,2024,590.87,3.56,104286.56,4.44,"2024 oct.xlsx","old_state",10,"2024-10",19
2,"ANDHRA PRADESH",2024-11-01,2024,588.66,3.8,100931.78,4.68,"2024 nov.xlsx","old_state",11,"2024-11",20
2,"ANDHRA PRADESH",2024-12-01,2024,638.46,3.82,109740.45,4.72,"2024 dec.xlsx","old_state",12,"2024-12",21
2,"ANDHRA PRADESH",2025-01-01,2025,551.81,3.25,98020,4.17,"2025 jan.xlsx","old_state",1,"2025-01",22
2,"ANDHRA PRADESH",2025-02-01,2025,463.16,2.88,81827.59,3.73,"2025 feb.xlsx","old_state",2,"2025-02",23
2,"ANDHRA PRADESH",2025-03-01,2025,524.69,2.87,93739.59,3.78,"2025 mar.xlsx","old_state",3,"2025-03",24
2,"ANDHRA PRADESH",2025-04-01,2025,602.36,3.37,105315.39,4.4,"2025 apr.xlsx","old_state",4,"2025-04",25
2,"ANDHRA PRADESH",2025-05-01,2025,681.45,3.65,119081.99,4.74,"2025 may.xlsx","old_state",5,"2025-05",26
2,"ANDHRA PRADESH",2025-06-01,2025,496.56,2.7,87072.27,3.62,"2025 jun.xlsx","old_state",6,"2025-06",27
2,"ANDHRA PRADESH",2025-07-01,2025,535.33,2.75,93508.25,3.73,"2025 july.xlsx","old_state",7,"2025-07",28
2,"ANDHRA PRADESH",2025-08-01,2025,551.48,2.76,92181.84,3.71,"2025 aug.xlsx","old_state",8,"2025-08",29
2,"ANDHRA PRADESH",2025-09-01,2025,537.17,2.74,90881.68,3.65,"2025 sept.xlsx","old_state",9,"2025-09",30
2,"ANDHRA PRADESH",2025-10-01,2025,559.76,2.7,96804.61,3.55,"2025 oct.xlsx","old_state",10,"2025-10",31
2,"ANDHRA PRADESH",2025-11-01,2025,563.45,2.75,93846.52,3.57,"2025 nov.xlsx","old_state",11,"2025-11",32
2,"ANDHRA PRADESH",2025-12-01,2025,609.84,2.82,102547.67,3.67,"2025 dec.xlsx","old_state",12,"2025-12",33
2,"ANDHRA PRADESH",2026-01-01,2026,628.21,2.89,108045.08,3.81,"2026 jan.xlsx","old_state",1,"2026-01",34
2,"ANDHRA PRADESH",2026-02-01,2026,572.66,2.81,98546.02,3.67,"2026 feb.xlsx","old_state",2,"2026-02",35
2,"ANDHRA PRADESH",2026-03-01,2026,639.01,2.82,110157.65,3.73,"2026 mar.xlsx","new_district_total",3,"2026-03",36
2,"ANDHRA PRADESH",2026-04-01,2026,630.17,2.78,109667.48,3.71,"2026 apr.xlsx","new_district_total",4,"2026-04",37
2,"ANDHRA PRADESH",2026-05-01,2026,649.11,2.76,112337.35,3.72,"2026 may.xlsx","new_district_total",5,"2026-05",38
2,"ANDHRA PRADESH",2026-06-01,2026,632.22,2.78,108222.52,3.74,"2026 jun.xlsx","new_district_total",6,"2026-06",39
3,"ARUNACHAL PRADESH",2023-04-01,2023,6.62,0.07,1341.62,0.09,"2023 apr.xlsx","old_state",4,"2023-04",1
3,"ARUNACHAL PRADESH",2023-05-01,2023,7.22,0.08,1332.48,0.09,"2023 may.xlsx","old_state",5,"2023-05",2
3,"ARUNACHAL PRADESH",2023-06-01,2023,7.69,0.08,1376.41,0.09,"2023 june.xlsx","old_state",6,"2023-06",3
3,"ARUNACHAL PRADESH",2023-07-01,2023,8.14,0.08,1373.51,0.09,"2023 july.xlsx","old_state",7,"2023-07",4
3,"ARUNACHAL PRADESH",2023-08-01,2023,8.78,0.08,1434.45,0.09,"2023 aug.xlsx","old_state",8,"2023-08",5
3,"ARUNACHAL PRADESH",2023-09-01,2023,9.41,0.09,1498.65,0.09,"2023 sept.xlsx","old_state",9,"2023-09",6
3,"ARUNACHAL PRADESH",2023-10-01,2023,9.81,0.09,1604.37,0.09,"2023 oct.xlsx","old_state",10,"2023-10",7
3,"ARUNACHAL PRADESH",2023-11-01,2023,10.24,0.09,1663.05,0.1,"2023 nov.xlsx","old_state",11,"2023-11",8
3,"ARUNACHAL PRADESH",2023-12-01,2023,11.55,0.1,1937.35,0.11,"2023 dec.xlsx","old_state",12,"2023-12",9
3,"ARUNACHAL PRADESH",2024-01-01,2024,11.25,0.09,1838.79,0.1,"2024 jan.xlsx","old_state",1,"2024-01",10
3,"ARUNACHAL PRADESH",2024-02-01,2024,11.96,0.1,1942.21,0.11,"2024 feb.xlsx","old_state",2,"2024-02",11
3,"ARUNACHAL PRADESH",2024-03-01,2024,14.3,0.11,2266.76,0.11,"2024 mar.xlsx","old_state",3,"2024-03",12
3,"ARUNACHAL PRADESH",2024-04-01,2024,12.69,0.1,2321.35,0.12,"2024 apr.xlsx","old_state",4,"2024-04",13
3,"ARUNACHAL PRADESH",2024-05-01,2024,15.39,0.11,2353.22,0.12,"2024 may.xlsx","old_state",5,"2024-05",14
3,"ARUNACHAL PRADESH",2024-06-01,2024,15.05,0.11,2158.51,0.11,"2024 jun.xlsx","old_state",6,"2024-06",15
3,"ARUNACHAL PRADESH",2024-07-01,2024,15.73,0.11,2182.02,0.11,"2024 july.xlsx","old_state",7,"2024-07",16
3,"ARUNACHAL PRADESH",2024-08-01,2024,14.91,0.1,2052.75,0.1,"2024 aug.xlsx","old_state",8,"2024-08",17
3,"ARUNACHAL PRADESH",2024-09-01,2024,14.94,0.1,1961.17,0.1,"2024 sept.xlsx","old_state",9,"2024-09",18
3,"ARUNACHAL PRADESH",2024-10-01,2024,15.67,0.09,2136.93,0.09,"2024 oct.xlsx","old_state",10,"2024-10",19
3,"ARUNACHAL PRADESH",2024-11-01,2024,16.09,0.1,2166.79,0.1,"2024 nov.xlsx","old_state",11,"2024-11",20
3,"ARUNACHAL PRADESH",2024-12-01,2024,17.76,0.11,2488.91,0.11,"2024 dec.xlsx","old_state",12,"2024-12",21
3,"ARUNACHAL PRADESH",2025-01-01,2025,16.97,0.1,2371.65,0.1,"2025 jan.xlsx","old_state",1,"2025-01",22
3,"ARUNACHAL PRADESH",2025-02-01,2025,15.28,0.09,2142.1,0.1,"2025 feb.xlsx","old_state",2,"2025-02",23
3,"ARUNACHAL PRADESH",2025-03-01,2025,17.7,0.1,2450.07,0.1,"2025 mar.xlsx","old_state",3,"2025-03",24
3,"ARUNACHAL PRADESH",2025-04-01,2025,18.42,0.1,2612.54,0.11,"2025 apr.xlsx","old_state",4,"2025-04",25
3,"ARUNACHAL PRADESH",2025-05-01,2025,21.01,0.11,2768.13,0.11,"2025 may.xlsx","old_state",5,"2025-05",26
3,"ARUNACHAL PRADESH",2025-06-01,2025,17.84,0.1,2271.25,0.09,"2025 jun.xlsx","old_state",6,"2025-06",27
3,"ARUNACHAL PRADESH",2025-07-01,2025,21.14,0.11,2771.17,0.11,"2025 july.xlsx","old_state",7,"2025-07",28
3,"ARUNACHAL PRADESH",2025-08-01,2025,21.4,0.11,2707.2,0.11,"2025 aug.xlsx","old_state",8,"2025-08",29
3,"ARUNACHAL PRADESH",2025-09-01,2025,21.02,0.11,2672.74,0.11,"2025 sept.xlsx","old_state",9,"2025-09",30
3,"ARUNACHAL PRADESH",2025-10-01,2025,21.57,0.1,2796.38,0.1,"2025 oct.xlsx","old_state",10,"2025-10",31
3,"ARUNACHAL PRADESH",2025-11-01,2025,21.79,0.11,2852.69,0.11,"2025 nov.xlsx","old_state",11,"2025-11",32
3,"ARUNACHAL PRADESH",2025-12-01,2025,21.96,0.1,3004.14,0.11,"2025 dec.xlsx","old_state",12,"2025-12",33
3,"ARUNACHAL PRADESH",2026-01-01,2026,21.62,0.1,2929.79,0.1,"2026 jan.xlsx","old_state",1,"2026-01",34
3,"ARUNACHAL PRADESH",2026-02-01,2026,20.51,0.1,2829.21,0.11,"2026 feb.xlsx","old_state",2,"2026-02",35
3,"ARUNACHAL PRADESH",2026-03-01,2026,22.82,0.1,3093.24,0.1,"2026 mar.xlsx","new_district_total",3,"2026-03",36
3,"ARUNACHAL PRADESH",2026-04-01,2026,22.37,0.1,3178.99,0.11,"2026 apr.xlsx","new_district_total",4,"2026-04",37
3,"ARUNACHAL PRADESH",2026-05-01,2026,25.03,0.11,3271.1,0.11,"2026 may.xlsx","new_district_total",5,"2026-05",38
3,"ARUNACHAL PRADESH",2026-06-01,2026,24.55,0.11,3117.28,0.11,"2026 jun.xlsx","new_district_total",6,"2026-06",39
4,"ASSAM",2023-04-01,2023,81.02,0.91,14333.08,1.01,"2023 apr.xlsx","old_state",4,"2023-04",1
4,"ASSAM",2023-05-01,2023,90.18,0.96,14937.13,1,"2023 may.xlsx","old_state",5,"2023-05",2
4,"ASSAM",2023-06-01,2023,89.22,0.96,14075.95,0.95,"2023 june.xlsx","old_state",6,"2023-06",3
4,"ASSAM",2023-07-01,2023,96.55,0.97,14637.06,0.95,"2023 july.xlsx","old_state",7,"2023-07",4
4,"ASSAM",2023-08-01,2023,105.93,1,15516.16,0.98,"2023 aug.xlsx","old_state",8,"2023-08",5
4,"ASSAM",2023-09-01,2023,110.01,1.04,15968.78,1.01,"2023 sept.xlsx","old_state",9,"2023-09",6
4,"ASSAM",2023-10-01,2023,120.12,1.05,17712.04,1.03,"2023 oct.xlsx","old_state",10,"2023-10",7
4,"ASSAM",2023-11-01,2023,120.23,1.07,17829.16,1.02,"2023 nov.xlsx","old_state",11,"2023-11",8
4,"ASSAM",2023-12-01,2023,117.11,0.97,17256.71,0.95,"2023 dec.xlsx","old_state",12,"2023-12",9
4,"ASSAM",2024-01-01,2024,130.05,1.07,19230.38,1.04,"2024 jan.xlsx","old_state",1,"2024-01",10
4,"ASSAM",2024-02-01,2024,149.14,1.23,21725.42,1.19,"2024 feb.xlsx","old_state",2,"2024-02",11
4,"ASSAM",2024-03-01,2024,166.53,1.24,24035.14,1.21,"2024 mar.xlsx","old_state",3,"2024-03",12
4,"ASSAM",2024-04-01,2024,171.13,1.29,23893.99,1.22,"2024 apr.xlsx","old_state",4,"2024-04",13
4,"ASSAM",2024-05-01,2024,185.21,1.32,23768.3,1.16,"2024 may.xlsx","old_state",5,"2024-05",14
4,"ASSAM",2024-06-01,2024,185.41,1.34,22657.67,1.13,"2024 jun.xlsx","old_state",6,"2024-06",15
4,"ASSAM",2024-07-01,2024,186.19,1.29,22156.74,1.07,"2024 july.xlsx","old_state",7,"2024-07",16
4,"ASSAM",2024-08-01,2024,179.44,1.2,21310.73,1.03,"2024 aug.xlsx","old_state",8,"2024-08",17
4,"ASSAM",2024-09-01,2024,178.99,1.19,21297.03,1.03,"2024 sept.xlsx","old_state",9,"2024-09",18
4,"ASSAM",2024-10-01,2024,194.5,1.17,23299.91,0.99,"2024 oct.xlsx","old_state",10,"2024-10",19
4,"ASSAM",2024-11-01,2024,196.97,1.27,23338.48,1.08,"2024 nov.xlsx","old_state",11,"2024-11",20
4,"ASSAM",2024-12-01,2024,217,1.3,26381.26,1.13,"2024 dec.xlsx","old_state",12,"2024-12",21
4,"ASSAM",2025-01-01,2025,187.71,1.1,23159.08,0.99,"2025 jan.xlsx","old_state",1,"2025-01",22
4,"ASSAM",2025-02-01,2025,161.35,1,20021.98,0.91,"2025 feb.xlsx","old_state",2,"2025-02",23
4,"ASSAM",2025-03-01,2025,181.37,0.99,22815.27,0.92,"2025 mar.xlsx","old_state",3,"2025-03",24
4,"ASSAM",2025-04-01,2025,218.83,1.22,25997.91,1.09,"2025 apr.xlsx","old_state",4,"2025-04",25
4,"ASSAM",2025-05-01,2025,251.67,1.35,28542.68,1.14,"2025 may.xlsx","old_state",5,"2025-05",26
4,"ASSAM",2025-06-01,2025,181.11,0.98,19849.88,0.83,"2025 jun.xlsx","old_state",6,"2025-06",27
4,"ASSAM",2025-07-01,2025,197.75,1.02,21802.15,0.87,"2025 july.xlsx","old_state",7,"2025-07",28
4,"ASSAM",2025-08-01,2025,203.78,1.02,21464.88,0.86,"2025 aug.xlsx","old_state",8,"2025-08",29
4,"ASSAM",2025-09-01,2025,198.7,1.01,21541.07,0.87,"2025 sept.xlsx","old_state",9,"2025-09",30
4,"ASSAM",2025-10-01,2025,205.38,0.99,22054.63,0.81,"2025 oct.xlsx","old_state",10,"2025-10",31
4,"ASSAM",2025-11-01,2025,212.71,1.04,23038.37,0.88,"2025 nov.xlsx","old_state",11,"2025-11",32
4,"ASSAM",2025-12-01,2025,226.36,1.05,24938.06,0.89,"2025 dec.xlsx","old_state",12,"2025-12",33
4,"ASSAM",2026-01-01,2026,225.91,1.04,25109.2,0.89,"2026 jan.xlsx","old_state",1,"2026-01",34
4,"ASSAM",2026-02-01,2026,212.74,1.04,24133.09,0.9,"2026 feb.xlsx","old_state",2,"2026-02",35
4,"ASSAM",2026-03-01,2026,241.95,1.07,27597.13,0.93,"2026 mar.xlsx","new_district_total",3,"2026-03",36
4,"ASSAM",2026-04-01,2026,234.98,1.04,25517.76,0.86,"2026 apr.xlsx","new_district_total",4,"2026-04",37
4,"ASSAM",2026-05-01,2026,247.47,1.05,25898.23,0.86,"2026 may.xlsx","new_district_total",5,"2026-05",38
4,"ASSAM",2026-06-01,2026,238.73,1.05,24410.81,0.84,"2026 jun.xlsx","new_district_total",6,"2026-06",39
5,"BIHAR",2023-04-01,2023,267.97,3.02,48787.79,3.45,"2023 apr.xlsx","old_state",4,"2023-04",1
5,"BIHAR",2023-05-01,2023,280.34,2.98,51363.73,3.45,"2023 may.xlsx","old_state",5,"2023-05",2
5,"BIHAR",2023-06-01,2023,262.96,2.82,48095.78,3.26,"2023 june.xlsx","old_state",6,"2023-06",3
5,"BIHAR",2023-07-01,2023,281.52,2.83,46720.09,3.05,"2023 july.xlsx","old_state",7,"2023-07",4
5,"BIHAR",2023-08-01,2023,307.74,2.91,47814.69,3.03,"2023 aug.xlsx","old_state",8,"2023-08",5
5,"BIHAR",2023-09-01,2023,305.39,2.89,48595.98,3.08,"2023 sept.xlsx","old_state",9,"2023-09",6
5,"BIHAR",2023-10-01,2023,343.88,3.01,54202.12,3.16,"2023 oct.xlsx","old_state",10,"2023-10",7
5,"BIHAR",2023-11-01,2023,375.47,3.34,60451.55,3.47,"2023 nov.xlsx","old_state",11,"2023-11",8
5,"BIHAR",2023-12-01,2023,332.74,2.77,55538.69,3.05,"2023 dec.xlsx","old_state",12,"2023-12",9
5,"BIHAR",2024-01-01,2024,359.24,2.94,57546.14,3.13,"2024 jan.xlsx","old_state",1,"2024-01",10
5,"BIHAR",2024-02-01,2024,400.48,3.31,65518.15,3.58,"2024 feb.xlsx","old_state",2,"2024-02",11
5,"BIHAR",2024-03-01,2024,455.84,3.39,72235.02,3.65,"2024 mar.xlsx","old_state",3,"2024-03",12
5,"BIHAR",2024-04-01,2024,475.94,3.58,75106.9,3.82,"2024 apr.xlsx","old_state",4,"2024-04",13
5,"BIHAR",2024-05-01,2024,495.22,3.53,75277.17,3.68,"2024 may.xlsx","old_state",5,"2024-05",14
5,"BIHAR",2024-06-01,2024,486.02,3.5,73741.4,3.67,"2024 jun.xlsx","old_state",6,"2024-06",15
5,"BIHAR",2024-07-01,2024,481.01,3.33,70842.67,3.43,"2024 july.xlsx","old_state",7,"2024-07",16
5,"BIHAR",2024-08-01,2024,466.15,3.12,65935.33,3.2,"2024 aug.xlsx","old_state",8,"2024-08",17
5,"BIHAR",2024-09-01,2024,464.06,3.09,65536.16,3.18,"2024 sept.xlsx","old_state",9,"2024-09",18
5,"BIHAR",2024-10-01,2024,526.07,3.17,75323.7,3.21,"2024 oct.xlsx","old_state",10,"2024-10",19
5,"BIHAR",2024-11-01,2024,535.28,3.46,78776.84,3.66,"2024 nov.xlsx","old_state",11,"2024-11",20
5,"BIHAR",2024-12-01,2024,542.86,3.24,81316.39,3.5,"2024 dec.xlsx","old_state",12,"2024-12",21
5,"BIHAR",2025-01-01,2025,415.4,2.44,63434.86,2.7,"2025 jan.xlsx","old_state",1,"2025-01",22
5,"BIHAR",2025-02-01,2025,357.22,2.22,56338.15,2.56,"2025 feb.xlsx","old_state",2,"2025-02",23
5,"BIHAR",2025-03-01,2025,414.96,2.27,64098.56,2.59,"2025 mar.xlsx","old_state",3,"2025-03",24
5,"BIHAR",2025-04-01,2025,577.79,3.23,82713.97,3.45,"2025 apr.xlsx","old_state",4,"2025-04",25
5,"BIHAR",2025-05-01,2025,677.1,3.63,98286.45,3.91,"2025 may.xlsx","old_state",5,"2025-05",26
5,"BIHAR",2025-06-01,2025,393.05,2.14,59059.01,2.46,"2025 jun.xlsx","old_state",6,"2025-06",27
5,"BIHAR",2025-07-01,2025,405.54,2.08,58775.41,2.34,"2025 july.xlsx","old_state",7,"2025-07",28
5,"BIHAR",2025-08-01,2025,399.25,2,55622.06,2.24,"2025 aug.xlsx","old_state",8,"2025-08",29
5,"BIHAR",2025-09-01,2025,396.78,2.02,57313.62,2.3,"2025 sept.xlsx","old_state",9,"2025-09",30
5,"BIHAR",2025-10-01,2025,450.63,2.18,66192.56,2.43,"2025 oct.xlsx","old_state",10,"2025-10",31
5,"BIHAR",2025-11-01,2025,456.53,2.23,66454.52,2.53,"2025 nov.xlsx","old_state",11,"2025-11",32
5,"BIHAR",2025-12-01,2025,453.98,2.1,66791.87,2.39,"2025 dec.xlsx","old_state",12,"2025-12",33
5,"BIHAR",2026-01-01,2026,457.93,2.11,66830.36,2.36,"2026 jan.xlsx","old_state",1,"2026-01",34
5,"BIHAR",2026-02-01,2026,437.56,2.15,66759.75,2.49,"2026 feb.xlsx","old_state",2,"2026-02",35
5,"BIHAR",2026-03-01,2026,497.94,2.2,72009.55,2.44,"2026 mar.xlsx","new_district_total",3,"2026-03",36
5,"BIHAR",2026-04-01,2026,493.11,2.18,72068.24,2.44,"2026 apr.xlsx","new_district_total",4,"2026-04",37
5,"BIHAR",2026-05-01,2026,522.78,2.22,73443.09,2.43,"2026 may.xlsx","new_district_total",5,"2026-05",38
5,"BIHAR",2026-06-01,2026,502.75,2.21,70130.89,2.42,"2026 jun.xlsx","new_district_total",6,"2026-06",39
6,"CHANDIGARH",2023-04-01,2023,18.64,0.21,2531.42,0.18,"2023 apr.xlsx","old_state",4,"2023-04",1
6,"CHANDIGARH",2023-05-01,2023,18.42,0.2,2496.89,0.17,"2023 may.xlsx","old_state",5,"2023-05",2
6,"CHANDIGARH",2023-06-01,2023,17.6,0.19,2430.14,0.16,"2023 june.xlsx","old_state",6,"2023-06",3
6,"CHANDIGARH",2023-07-01,2023,18.75,0.19,2592.68,0.17,"2023 july.xlsx","old_state",7,"2023-07",4
6,"CHANDIGARH",2023-08-01,2023,21.26,0.2,2829.23,0.18,"2023 aug.xlsx","old_state",8,"2023-08",5
6,"CHANDIGARH",2023-09-01,2023,21.45,0.2,2853.16,0.18,"2023 sept.xlsx","old_state",9,"2023-09",6
6,"CHANDIGARH",2023-10-01,2023,23.01,0.2,3120.47,0.18,"2023 oct.xlsx","old_state",10,"2023-10",7
6,"CHANDIGARH",2023-11-01,2023,22.35,0.2,3189.81,0.18,"2023 nov.xlsx","old_state",11,"2023-11",8
6,"CHANDIGARH",2023-12-01,2023,20.47,0.17,2737.91,0.15,"2023 dec.xlsx","old_state",12,"2023-12",9
6,"CHANDIGARH",2024-01-01,2024,20.64,0.17,2843.49,0.15,"2024 jan.xlsx","old_state",1,"2024-01",10
6,"CHANDIGARH",2024-02-01,2024,22.07,0.18,3029.82,0.17,"2024 feb.xlsx","old_state",2,"2024-02",11
6,"CHANDIGARH",2024-03-01,2024,26.64,0.2,3422.7,0.17,"2024 mar.xlsx","old_state",3,"2024-03",12
6,"CHANDIGARH",2024-04-01,2024,27.9,0.21,3619.8,0.18,"2024 apr.xlsx","old_state",4,"2024-04",13
6,"CHANDIGARH",2024-05-01,2024,30.06,0.21,3817.52,0.19,"2024 may.xlsx","old_state",5,"2024-05",14
6,"CHANDIGARH",2024-06-01,2024,27.18,0.2,3446.21,0.17,"2024 jun.xlsx","old_state",6,"2024-06",15
6,"CHANDIGARH",2024-07-01,2024,28.39,0.2,3700.09,0.18,"2024 july.xlsx","old_state",7,"2024-07",16
6,"CHANDIGARH",2024-08-01,2024,26.22,0.18,3306.96,0.16,"2024 aug.xlsx","old_state",8,"2024-08",17
6,"CHANDIGARH",2024-09-01,2024,26.39,0.18,3242.29,0.16,"2024 sept.xlsx","old_state",9,"2024-09",18
6,"CHANDIGARH",2024-10-01,2024,27.82,0.17,3597.79,0.15,"2024 oct.xlsx","old_state",10,"2024-10",19
6,"CHANDIGARH",2024-11-01,2024,25.13,0.16,3289.62,0.15,"2024 nov.xlsx","old_state",11,"2024-11",20
6,"CHANDIGARH",2024-12-01,2024,27.53,0.16,3623.79,0.16,"2024 dec.xlsx","old_state",12,"2024-12",21
6,"CHANDIGARH",2025-01-01,2025,24.3,0.14,3114,0.13,"2025 jan.xlsx","old_state",1,"2025-01",22
6,"CHANDIGARH",2025-02-01,2025,21.37,0.13,2680.5,0.12,"2025 feb.xlsx","old_state",2,"2025-02",23
6,"CHANDIGARH",2025-03-01,2025,24.74,0.14,3054.21,0.12,"2025 mar.xlsx","old_state",3,"2025-03",24
6,"CHANDIGARH",2025-04-01,2025,29.74,0.17,3711.18,0.15,"2025 apr.xlsx","old_state",4,"2025-04",25
6,"CHANDIGARH",2025-05-01,2025,32.69,0.18,4158.48,0.17,"2025 may.xlsx","old_state",5,"2025-05",26
6,"CHANDIGARH",2025-06-01,2025,22.92,0.12,2742.47,0.11,"2025 jun.xlsx","old_state",6,"2025-06",27
6,"CHANDIGARH",2025-07-01,2025,26.05,0.13,3244.66,0.13,"2025 july.xlsx","old_state",7,"2025-07",28
6,"CHANDIGARH",2025-08-01,2025,26.58,0.13,3188.55,0.13,"2025 aug.xlsx","old_state",8,"2025-08",29
6,"CHANDIGARH",2025-09-01,2025,26.78,0.14,3269.59,0.13,"2025 sept.xlsx","old_state",9,"2025-09",30
6,"CHANDIGARH",2025-10-01,2025,27.9,0.13,3639.56,0.13,"2025 oct.xlsx","old_state",10,"2025-10",31
6,"CHANDIGARH",2025-11-01,2025,27.17,0.13,3431.5,0.13,"2025 nov.xlsx","old_state",11,"2025-11",32
6,"CHANDIGARH",2025-12-01,2025,28.15,0.13,3611.27,0.13,"2025 dec.xlsx","old_state",12,"2025-12",33
6,"CHANDIGARH",2026-01-01,2026,26.97,0.12,3590.15,0.13,"2026 jan.xlsx","old_state",1,"2026-01",34
6,"CHANDIGARH",2026-02-01,2026,26.05,0.13,3340.2,0.12,"2026 feb.xlsx","old_state",2,"2026-02",35
6,"CHANDIGARH",2026-03-01,2026,28.06,0.12,3573.47,0.12,"2026 mar.xlsx","new_district_total",3,"2026-03",36
6,"CHANDIGARH",2026-04-01,2026,28.24,0.12,3593.42,0.12,"2026 apr.xlsx","new_district_total",4,"2026-04",37
6,"CHANDIGARH",2026-05-01,2026,28.75,0.12,3594.84,0.12,"2026 may.xlsx","new_district_total",5,"2026-05",38
6,"CHANDIGARH",2026-06-01,2026,26.99,0.12,3424.31,0.12,"2026 jun.xlsx","new_district_total",6,"2026-06",39
7,"CHHATTISGARH",2023-04-01,2023,78.23,0.88,11254.99,0.8,"2023 apr.xlsx","old_state",4,"2023-04",1
7,"CHHATTISGARH",2023-05-01,2023,80.75,0.86,11514.29,0.77,"2023 may.xlsx","old_state",5,"2023-05",2
7,"CHHATTISGARH",2023-06-01,2023,73.13,0.78,10536.22,0.71,"2023 june.xlsx","old_state",6,"2023-06",3
7,"CHHATTISGARH",2023-07-01,2023,84.67,0.85,11730.08,0.76,"2023 july.xlsx","old_state",7,"2023-07",4
7,"CHHATTISGARH",2023-08-01,2023,97.25,0.92,12772.92,0.81,"2023 aug.xlsx","old_state",8,"2023-08",5
7,"CHHATTISGARH",2023-09-01,2023,97.4,0.92,12764.1,0.81,"2023 sept.xlsx","old_state",9,"2023-09",6
7,"CHHATTISGARH",2023-10-01,2023,101.78,0.89,13782.56,0.8,"2023 oct.xlsx","old_state",10,"2023-10",7
7,"CHHATTISGARH",2023-11-01,2023,93.91,0.84,13195.54,0.76,"2023 nov.xlsx","old_state",11,"2023-11",8
7,"CHHATTISGARH",2023-12-01,2023,106.17,0.88,14542.44,0.8,"2023 dec.xlsx","old_state",12,"2023-12",9
7,"CHHATTISGARH",2024-01-01,2024,112.52,0.92,15870.58,0.86,"2024 jan.xlsx","old_state",1,"2024-01",10
7,"CHHATTISGARH",2024-02-01,2024,115.6,0.96,16359.98,0.9,"2024 feb.xlsx","old_state",2,"2024-02",11
7,"CHHATTISGARH",2024-03-01,2024,131.55,0.98,17789.07,0.9,"2024 mar.xlsx","old_state",3,"2024-03",12
7,"CHHATTISGARH",2024-04-01,2024,129.73,0.98,17607.35,0.9,"2024 apr.xlsx","old_state",4,"2024-04",13
7,"CHHATTISGARH",2024-05-01,2024,138.69,0.99,18325.33,0.9,"2024 may.xlsx","old_state",5,"2024-05",14
7,"CHHATTISGARH",2024-06-01,2024,135.97,0.98,18173.83,0.91,"2024 jun.xlsx","old_state",6,"2024-06",15
7,"CHHATTISGARH",2024-07-01,2024,135.5,0.94,17785.47,0.86,"2024 july.xlsx","old_state",7,"2024-07",16
7,"CHHATTISGARH",2024-08-01,2024,133.83,0.89,16912.86,0.82,"2024 aug.xlsx","old_state",8,"2024-08",17
7,"CHHATTISGARH",2024-09-01,2024,139.4,0.93,17367.52,0.84,"2024 sept.xlsx","old_state",9,"2024-09",18
7,"CHHATTISGARH",2024-10-01,2024,157.99,0.95,21085.47,0.9,"2024 oct.xlsx","old_state",10,"2024-10",19
7,"CHHATTISGARH",2024-11-01,2024,139.98,0.9,17873.5,0.83,"2024 nov.xlsx","old_state",11,"2024-11",20
7,"CHHATTISGARH",2024-12-01,2024,154.78,0.93,20357.81,0.88,"2024 dec.xlsx","old_state",12,"2024-12",21
7,"CHHATTISGARH",2025-01-01,2025,134.18,0.79,18521.36,0.79,"2025 jan.xlsx","old_state",1,"2025-01",22
7,"CHHATTISGARH",2025-02-01,2025,111.86,0.69,15520.81,0.71,"2025 feb.xlsx","old_state",2,"2025-02",23
7,"CHHATTISGARH",2025-03-01,2025,128.15,0.7,17043.76,0.69,"2025 mar.xlsx","old_state",3,"2025-03",24
7,"CHHATTISGARH",2025-04-01,2025,152.75,0.85,19636.2,0.82,"2025 apr.xlsx","old_state",4,"2025-04",25
7,"CHHATTISGARH",2025-05-01,2025,170.88,0.91,21544.12,0.86,"2025 may.xlsx","old_state",5,"2025-05",26
7,"CHHATTISGARH",2025-06-01,2025,120.57,0.66,15492.34,0.64,"2025 jun.xlsx","old_state",6,"2025-06",27
7,"CHHATTISGARH",2025-07-01,2025,129.34,0.66,16474.9,0.66,"2025 july.xlsx","old_state",7,"2025-07",28
7,"CHHATTISGARH",2025-08-01,2025,134.57,0.67,16358.88,0.66,"2025 aug.xlsx","old_state",8,"2025-08",29
7,"CHHATTISGARH",2025-09-01,2025,130.25,0.66,16200.81,0.65,"2025 sept.xlsx","old_state",9,"2025-09",30
7,"CHHATTISGARH",2025-10-01,2025,140.51,0.68,18674.41,0.68,"2025 oct.xlsx","old_state",10,"2025-10",31
7,"CHHATTISGARH",2025-11-01,2025,136.64,0.67,17074.67,0.65,"2025 nov.xlsx","old_state",11,"2025-11",32
7,"CHHATTISGARH",2025-12-01,2025,145.48,0.67,18789.15,0.67,"2025 dec.xlsx","old_state",12,"2025-12",33
7,"CHHATTISGARH",2026-01-01,2026,148.11,0.68,19980.27,0.71,"2026 jan.xlsx","old_state",1,"2026-01",34
7,"CHHATTISGARH",2026-02-01,2026,136.31,0.67,18456.05,0.69,"2026 feb.xlsx","old_state",2,"2026-02",35
7,"CHHATTISGARH",2026-03-01,2026,149.38,0.66,19749.62,0.67,"2026 mar.xlsx","new_district_total",3,"2026-03",36
7,"CHHATTISGARH",2026-04-01,2026,147.42,0.65,19415.56,0.66,"2026 apr.xlsx","new_district_total",4,"2026-04",37
7,"CHHATTISGARH",2026-05-01,2026,148.59,0.63,19221.79,0.64,"2026 may.xlsx","new_district_total",5,"2026-05",38
7,"CHHATTISGARH",2026-06-01,2026,145.87,0.64,18939.56,0.65,"2026 jun.xlsx","new_district_total",6,"2026-06",39
8,"DADRA & NAGAR HAVELI & DAMAN & DIU",2023-04-01,2023,5.67,0.06,641.58,0.05,"2023 apr.xlsx","old_state",4,"2023-04",1
8,"DADRA & NAGAR HAVELI & DAMAN & DIU",2023-05-01,2023,5.69,0.06,664.54,0.04,"2023 may.xlsx","old_state",5,"2023-05",2
8,"DADRA & NAGAR HAVELI & DAMAN & DIU",2023-06-01,2023,5.35,0.06,651.41,0.04,"2023 june.xlsx","old_state",6,"2023-06",3
8,"DADRA & NAGAR HAVELI & DAMAN & DIU",2023-07-01,2023,5.63,0.06,677.01,0.04,"2023 july.xlsx","old_state",7,"2023-07",4
8,"DADRA & NAGAR HAVELI & DAMAN & DIU",2023-08-01,2023,6.23,0.06,698.87,0.04,"2023 aug.xlsx","old_state",8,"2023-08",5
8,"DADRA & NAGAR HAVELI & DAMAN & DIU",2023-09-01,2023,6.32,0.06,718.59,0.05,"2023 sept.xlsx","old_state",9,"2023-09",6
8,"DADRA & NAGAR HAVELI & DAMAN & DIU",2023-10-01,2023,7.1,0.06,787.39,0.05,"2023 oct.xlsx","old_state",10,"2023-10",7
8,"DADRA & NAGAR HAVELI & DAMAN & DIU",2023-11-01,2023,7.13,0.06,835.34,0.05,"2023 nov.xlsx","old_state",11,"2023-11",8
8,"DADRA & NAGAR HAVELI & DAMAN & DIU",2023-12-01,2023,8.22,0.07,907.49,0.05,"2023 dec.xlsx","old_state",12,"2023-12",9
8,"DADRA & NAGAR HAVELI & DAMAN & DIU",2024-01-01,2024,8.7,0.07,952.91,0.05,"2024 jan.xlsx","old_state",1,"2024-01",10
8,"DADRA & NAGAR HAVELI & DAMAN & DIU",2024-02-01,2024,8.57,0.07,961.27,0.05,"2024 feb.xlsx","old_state",2,"2024-02",11
8,"DADRA & NAGAR HAVELI & DAMAN & DIU",2024-03-01,2024,9.77,0.07,1033.38,0.05,"2024 mar.xlsx","old_state",3,"2024-03",12
8,"DADRA & NAGAR HAVELI & DAMAN & DIU",2024-04-01,2024,9.42,0.07,990.81,0.05,"2024 apr.xlsx","old_state",4,"2024-04",13
8,"DADRA & NAGAR HAVELI & DAMAN & DIU",2024-05-01,2024,10.13,0.07,1049.42,0.05,"2024 may.xlsx","old_state",5,"2024-05",14
8,"DADRA & NAGAR HAVELI & DAMAN & DIU",2024-06-01,2024,10.21,0.07,1063.82,0.05,"2024 jun.xlsx","old_state",6,"2024-06",15
8,"DADRA & NAGAR HAVELI & DAMAN & DIU",2024-07-01,2024,9.64,0.07,1022.7,0.05,"2024 july.xlsx","old_state",7,"2024-07",16
8,"DADRA & NAGAR HAVELI & DAMAN & DIU",2024-08-01,2024,9.72,0.06,992.73,0.05,"2024 aug.xlsx","old_state",8,"2024-08",17
8,"DADRA & NAGAR HAVELI & DAMAN & DIU",2024-09-01,2024,9.91,0.07,998.03,0.05,"2024 sept.xlsx","old_state",9,"2024-09",18
8,"DADRA & NAGAR HAVELI & DAMAN & DIU",2024-10-01,2024,11.26,0.07,1182.64,0.05,"2024 oct.xlsx","old_state",10,"2024-10",19
8,"DADRA & NAGAR HAVELI & DAMAN & DIU",2024-11-01,2024,10.38,0.07,1053.99,0.05,"2024 nov.xlsx","old_state",11,"2024-11",20
8,"DADRA & NAGAR HAVELI & DAMAN & DIU",2024-12-01,2024,11.07,0.07,1132.38,0.05,"2024 dec.xlsx","old_state",12,"2024-12",21
8,"DADRA & NAGAR HAVELI & DAMAN & DIU",2025-01-01,2025,10.77,0.06,1116.37,0.05,"2025 jan.xlsx","old_state",1,"2025-01",22
8,"DADRA & NAGAR HAVELI & DAMAN & DIU",2025-02-01,2025,9.32,0.06,967.59,0.04,"2025 feb.xlsx","old_state",2,"2025-02",23
8,"DADRA & NAGAR HAVELI & DAMAN & DIU",2025-03-01,2025,10.57,0.06,1095.97,0.04,"2025 mar.xlsx","old_state",3,"2025-03",24
8,"DADRA & NAGAR HAVELI & DAMAN & DIU",2025-04-01,2025,11.91,0.07,1205.3,0.05,"2025 apr.xlsx","old_state",4,"2025-04",25
8,"DADRA & NAGAR HAVELI & DAMAN & DIU",2025-05-01,2025,12.48,0.07,1306.18,0.05,"2025 may.xlsx","old_state",5,"2025-05",26
8,"DADRA & NAGAR HAVELI & DAMAN & DIU",2025-06-01,2025,9.47,0.05,1020.22,0.04,"2025 jun.xlsx","old_state",6,"2025-06",27
8,"DADRA & NAGAR HAVELI & DAMAN & DIU",2025-07-01,2025,10.43,0.05,1115.18,0.04,"2025 july.xlsx","old_state",7,"2025-07",28
8,"DADRA & NAGAR HAVELI & DAMAN & DIU",2025-08-01,2025,10.82,0.05,1112.7,0.04,"2025 aug.xlsx","old_state",8,"2025-08",29
8,"DADRA & NAGAR HAVELI & DAMAN & DIU",2025-09-01,2025,10.35,0.05,1114.65,0.04,"2025 sept.xlsx","old_state",9,"2025-09",30
8,"DADRA & NAGAR HAVELI & DAMAN & DIU",2025-10-01,2025,11.45,0.06,1285.07,0.05,"2025 oct.xlsx","old_state",10,"2025-10",31
8,"DADRA & NAGAR HAVELI & DAMAN & DIU",2025-11-01,2025,10.44,0.05,1140.73,0.04,"2025 nov.xlsx","old_state",11,"2025-11",32
8,"DADRA & NAGAR HAVELI & DAMAN & DIU",2025-12-01,2025,11.17,0.05,1226.22,0.04,"2025 dec.xlsx","old_state",12,"2025-12",33
8,"DADRA & NAGAR HAVELI & DAMAN & DIU",2026-01-01,2026,11.55,0.05,1277.67,0.05,"2026 jan.xlsx","old_state",1,"2026-01",34
8,"DADRA & NAGAR HAVELI & DAMAN & DIU",2026-02-01,2026,10.41,0.05,1178.59,0.04,"2026 feb.xlsx","old_state",2,"2026-02",35
8,"DADRA & NAGAR HAVELI & DAMAN & DIU",2026-03-01,2026,11.29,0.05,1253.21,0.04,"2026 mar.xlsx","new_district_total",3,"2026-03",36
8,"DADRA & NAGAR HAVELI & DAMAN & DIU",2026-04-01,2026,10.63,0.05,1209.62,0.04,"2026 apr.xlsx","new_district_total",4,"2026-04",37
8,"DADRA & NAGAR HAVELI & DAMAN & DIU",2026-05-01,2026,10.9,0.05,1224.04,0.04,"2026 may.xlsx","new_district_total",5,"2026-05",38
8,"DADRA & NAGAR HAVELI & DAMAN & DIU",2026-06-01,2026,11.09,0.05,1222.69,0.04,"2026 jun.xlsx","new_district_total",6,"2026-06",39
9,"DELHI",2023-04-01,2023,330.04,3.72,46799.01,3.31,"2023 apr.xlsx","old_state",4,"2023-04",1
9,"DELHI",2023-05-01,2023,387.94,4.12,55560.85,3.73,"2023 may.xlsx","old_state",5,"2023-05",2
9,"DELHI",2023-06-01,2023,386.86,4.14,54882.65,3.72,"2023 june.xlsx","old_state",6,"2023-06",3
9,"DELHI",2023-07-01,2023,397.81,3.99,54276.07,3.54,"2023 july.xlsx","old_state",7,"2023-07",4
9,"DELHI",2023-08-01,2023,404.03,3.82,52953.64,3.36,"2023 aug.xlsx","old_state",8,"2023-08",5
9,"DELHI",2023-09-01,2023,416.31,3.94,55139.92,3.49,"2023 sept.xlsx","old_state",9,"2023-09",6
9,"DELHI",2023-10-01,2023,449.9,3.94,60577.68,3.53,"2023 oct.xlsx","old_state",10,"2023-10",7
9,"DELHI",2023-11-01,2023,431.73,3.84,61568.09,3.54,"2023 nov.xlsx","old_state",11,"2023-11",8
9,"DELHI",2023-12-01,2023,358.56,2.98,49607.1,2.72,"2023 dec.xlsx","old_state",12,"2023-12",9
9,"DELHI",2024-01-01,2024,393.65,3.23,53572.83,2.91,"2024 jan.xlsx","old_state",1,"2024-01",10
9,"DELHI",2024-02-01,2024,423.75,3.5,57779.48,3.16,"2024 feb.xlsx","old_state",2,"2024-02",11
9,"DELHI",2024-03-01,2024,469.67,3.49,59757.19,3.02,"2024 mar.xlsx","old_state",3,"2024-03",12
9,"DELHI",2024-04-01,2024,463.58,3.48,58505.66,2.98,"2024 apr.xlsx","old_state",4,"2024-04",13
9,"DELHI",2024-05-01,2024,500.74,3.57,59874.83,2.93,"2024 may.xlsx","old_state",5,"2024-05",14
9,"DELHI",2024-06-01,2024,469.85,3.38,56600.66,2.82,"2024 jun.xlsx","old_state",6,"2024-06",15
9,"DELHI",2024-07-01,2024,452.93,3.14,56673.15,2.75,"2024 july.xlsx","old_state",7,"2024-07",16
9,"DELHI",2024-08-01,2024,400.67,2.68,49497.98,2.4,"2024 aug.xlsx","old_state",8,"2024-08",17
9,"DELHI",2024-09-01,2024,421.2,2.8,50173.14,2.43,"2024 sept.xlsx","old_state",9,"2024-09",18
9,"DELHI",2024-10-01,2024,464.76,2.8,56868.8,2.42,"2024 oct.xlsx","old_state",10,"2024-10",19
9,"DELHI",2024-11-01,2024,441.99,2.85,55291.59,2.57,"2024 nov.xlsx","old_state",11,"2024-11",20
9,"DELHI",2024-12-01,2024,487.57,2.91,60484.71,2.6,"2024 dec.xlsx","old_state",12,"2024-12",21
9,"DELHI",2025-01-01,2025,410.65,2.42,52720,2.25,"2025 jan.xlsx","old_state",1,"2025-01",22
9,"DELHI",2025-02-01,2025,359.92,2.23,46373.85,2.11,"2025 feb.xlsx","old_state",2,"2025-02",23
9,"DELHI",2025-03-01,2025,419.25,2.29,53531.51,2.16,"2025 mar.xlsx","old_state",3,"2025-03",24
9,"DELHI",2025-04-01,2025,527,2.95,64152.87,2.68,"2025 apr.xlsx","old_state",4,"2025-04",25
9,"DELHI",2025-05-01,2025,605.31,3.24,72520.26,2.88,"2025 may.xlsx","old_state",5,"2025-05",26
9,"DELHI",2025-06-01,2025,420.11,2.28,50811.91,2.11,"2025 jun.xlsx","old_state",6,"2025-06",27
9,"DELHI",2025-07-01,2025,468.19,2.4,58845.62,2.35,"2025 july.xlsx","old_state",7,"2025-07",28
9,"DELHI",2025-08-01,2025,487.28,2.44,59774.16,2.4,"2025 aug.xlsx","old_state",8,"2025-08",29
9,"DELHI",2025-09-01,2025,491.29,2.5,61354.33,2.46,"2025 sept.xlsx","old_state",9,"2025-09",30
9,"DELHI",2025-10-01,2025,509.59,2.46,67595.24,2.48,"2025 oct.xlsx","old_state",10,"2025-10",31
9,"DELHI",2025-11-01,2025,491.14,2.4,64440.35,2.45,"2025 nov.xlsx","old_state",11,"2025-11",32
9,"DELHI",2025-12-01,2025,516.9,2.39,66575.96,2.38,"2025 dec.xlsx","old_state",12,"2025-12",33
9,"DELHI",2026-01-01,2026,513.35,2.37,68286.14,2.41,"2026 jan.xlsx","old_state",1,"2026-01",34
9,"DELHI",2026-02-01,2026,486.39,2.38,65105.21,2.43,"2026 feb.xlsx","old_state",2,"2026-02",35
9,"DELHI",2026-03-01,2026,516.09,2.28,69370.45,2.35,"2026 mar.xlsx","new_district_total",3,"2026-03",36
9,"DELHI",2026-04-01,2026,523.68,2.31,69636.52,2.36,"2026 apr.xlsx","new_district_total",4,"2026-04",37
9,"DELHI",2026-05-01,2026,536.74,2.28,69995.86,2.32,"2026 may.xlsx","new_district_total",5,"2026-05",38
9,"DELHI",2026-06-01,2026,516.17,2.27,66103.83,2.29,"2026 jun.xlsx","new_district_total",6,"2026-06",39
10,"GOA",2023-04-01,2023,20.03,0.23,2988.02,0.21,"2023 apr.xlsx","old_state",4,"2023-04",1
10,"GOA",2023-05-01,2023,19.87,0.21,2965.09,0.2,"2023 may.xlsx","old_state",5,"2023-05",2
10,"GOA",2023-06-01,2023,18.53,0.2,2779.41,0.19,"2023 june.xlsx","old_state",6,"2023-06",3
10,"GOA",2023-07-01,2023,18.42,0.18,2746.69,0.18,"2023 july.xlsx","old_state",7,"2023-07",4
10,"GOA",2023-08-01,2023,20.95,0.2,2970.56,0.19,"2023 aug.xlsx","old_state",8,"2023-08",5
10,"GOA",2023-09-01,2023,20.69,0.2,3017.62,0.19,"2023 sept.xlsx","old_state",9,"2023-09",6
10,"GOA",2023-10-01,2023,24.06,0.21,3467.39,0.2,"2023 oct.xlsx","old_state",10,"2023-10",7
10,"GOA",2023-11-01,2023,24.47,0.22,3516.93,0.2,"2023 nov.xlsx","old_state",11,"2023-11",8
10,"GOA",2023-12-01,2023,27.96,0.23,4110.01,0.23,"2023 dec.xlsx","old_state",12,"2023-12",9
10,"GOA",2024-01-01,2024,29.59,0.24,4317.69,0.23,"2024 jan.xlsx","old_state",1,"2024-01",10
10,"GOA",2024-02-01,2024,29.94,0.25,4282.86,0.23,"2024 feb.xlsx","old_state",2,"2024-02",11
10,"GOA",2024-03-01,2024,30.22,0.22,4197.43,0.21,"2024 mar.xlsx","old_state",3,"2024-03",12
10,"GOA",2024-04-01,2024,27.96,0.21,3945.63,0.2,"2024 apr.xlsx","old_state",4,"2024-04",13
10,"GOA",2024-05-01,2024,29.77,0.21,4238.4,0.21,"2024 may.xlsx","old_state",5,"2024-05",14
10,"GOA",2024-06-01,2024,27.92,0.2,4020.18,0.2,"2024 jun.xlsx","old_state",6,"2024-06",15
10,"GOA",2024-07-01,2024,25.66,0.18,3695.04,0.18,"2024 july.xlsx","old_state",7,"2024-07",16
10,"GOA",2024-08-01,2024,27.16,0.18,3783.78,0.18,"2024 aug.xlsx","old_state",8,"2024-08",17
10,"GOA",2024-09-01,2024,27.3,0.18,3820.31,0.19,"2024 sept.xlsx","old_state",9,"2024-09",18
10,"GOA",2024-10-01,2024,31.08,0.19,4357.6,0.19,"2024 oct.xlsx","old_state",10,"2024-10",19
10,"GOA",2024-11-01,2024,31.72,0.2,4419.48,0.21,"2024 nov.xlsx","old_state",11,"2024-11",20
10,"GOA",2024-12-01,2024,38.15,0.23,5427.06,0.23,"2024 dec.xlsx","old_state",12,"2024-12",21
10,"GOA",2025-01-01,2025,35.15,0.21,5030,0.21,"2025 jan.xlsx","old_state",1,"2025-01",22
10,"GOA",2025-02-01,2025,29.53,0.18,4063.02,0.18,"2025 feb.xlsx","old_state",2,"2025-02",23
10,"GOA",2025-03-01,2025,32.62,0.18,4518.59,0.18,"2025 mar.xlsx","old_state",3,"2025-03",24
10,"GOA",2025-04-01,2025,36.36,0.2,5041.14,0.21,"2025 apr.xlsx","old_state",4,"2025-04",25
10,"GOA",2025-05-01,2025,40.1,0.21,5659.28,0.23,"2025 may.xlsx","old_state",5,"2025-05",26
10,"GOA",2025-06-01,2025,28.76,0.16,4053.68,0.17,"2025 jun.xlsx","old_state",6,"2025-06",27
10,"GOA",2025-07-01,2025,30.59,0.16,4347.72,0.17,"2025 july.xlsx","old_state",7,"2025-07",28
10,"GOA",2025-08-01,2025,32.27,0.16,4537.72,0.18,"2025 aug.xlsx","old_state",8,"2025-08",29
10,"GOA",2025-09-01,2025,32.28,0.16,4603,0.18,"2025 sept.xlsx","old_state",9,"2025-09",30
10,"GOA",2025-10-01,2025,35.89,0.17,5282.52,0.19,"2025 oct.xlsx","old_state",10,"2025-10",31
10,"GOA",2025-11-01,2025,36.33,0.18,5222.28,0.2,"2025 nov.xlsx","old_state",11,"2025-11",32
10,"GOA",2025-12-01,2025,40.24,0.19,5990.21,0.21,"2025 dec.xlsx","old_state",12,"2025-12",33
10,"GOA",2026-01-01,2026,40.35,0.19,6064.79,0.21,"2026 jan.xlsx","old_state",1,"2026-01",34
10,"GOA",2026-02-01,2026,35.41,0.17,5280.59,0.2,"2026 feb.xlsx","old_state",2,"2026-02",35
10,"GOA",2026-03-01,2026,37.91,0.17,5673.83,0.19,"2026 mar.xlsx","new_district_total",3,"2026-03",36
10,"GOA",2026-04-01,2026,36.49,0.16,5594.45,0.19,"2026 apr.xlsx","new_district_total",4,"2026-04",37
10,"GOA",2026-05-01,2026,38.23,0.16,5844.97,0.19,"2026 may.xlsx","new_district_total",5,"2026-05",38
10,"GOA",2026-06-01,2026,36.09,0.16,5485.34,0.19,"2026 jun.xlsx","new_district_total",6,"2026-06",39
11,"GUJARAT",2023-04-01,2023,280.81,3.17,46154.94,3.26,"2023 apr.xlsx","old_state",4,"2023-04",1
11,"GUJARAT",2023-05-01,2023,288.57,3.06,47894.81,3.22,"2023 may.xlsx","old_state",5,"2023-05",2
11,"GUJARAT",2023-06-01,2023,277.76,2.98,46487.59,3.15,"2023 june.xlsx","old_state",6,"2023-06",3
11,"GUJARAT",2023-07-01,2023,302.19,3.03,49555.82,3.23,"2023 july.xlsx","old_state",7,"2023-07",4
11,"GUJARAT",2023-08-01,2023,325.34,3.07,51778.19,3.28,"2023 aug.xlsx","old_state",8,"2023-08",5
11,"GUJARAT",2023-09-01,2023,319.31,3.02,51590.99,3.27,"2023 sept.xlsx","old_state",9,"2023-09",6
11,"GUJARAT",2023-10-01,2023,364.34,3.19,57809.55,3.37,"2023 oct.xlsx","old_state",10,"2023-10",7
11,"GUJARAT",2023-11-01,2023,338.54,3.01,58262.18,3.35,"2023 nov.xlsx","old_state",11,"2023-11",8
11,"GUJARAT",2023-12-01,2023,341.58,2.84,57762.41,3.17,"2023 dec.xlsx","old_state",12,"2023-12",9
11,"GUJARAT",2024-01-01,2024,376.73,3.09,62424.28,3.39,"2024 jan.xlsx","old_state",1,"2024-01",10
11,"GUJARAT",2024-02-01,2024,392.48,3.24,65150.33,3.56,"2024 feb.xlsx","old_state",2,"2024-02",11
11,"GUJARAT",2024-03-01,2024,439.51,3.27,68656.44,3.47,"2024 mar.xlsx","old_state",3,"2024-03",12
11,"GUJARAT",2024-04-01,2024,431.65,3.24,66727,3.4,"2024 apr.xlsx","old_state",4,"2024-04",13
11,"GUJARAT",2024-05-01,2024,457.4,3.26,70407.04,3.44,"2024 may.xlsx","old_state",5,"2024-05",14
11,"GUJARAT",2024-06-01,2024,452.59,3.26,68664.93,3.42,"2024 jun.xlsx","old_state",6,"2024-06",15
11,"GUJARAT",2024-07-01,2024,453.24,3.14,69129.55,3.35,"2024 july.xlsx","old_state",7,"2024-07",16
11,"GUJARAT",2024-08-01,2024,435.29,2.91,65381.35,3.17,"2024 aug.xlsx","old_state",8,"2024-08",17
11,"GUJARAT",2024-09-01,2024,451.88,3,68576.37,3.32,"2024 sept.xlsx","old_state",9,"2024-09",18
11,"GUJARAT",2024-10-01,2024,523.09,3.15,84525.81,3.6,"2024 oct.xlsx","old_state",10,"2024-10",19
11,"GUJARAT",2024-11-01,2024,447.82,2.89,65671.33,3.05,"2024 nov.xlsx","old_state",11,"2024-11",20
11,"GUJARAT",2024-12-01,2024,513.73,3.07,80180.1,3.45,"2024 dec.xlsx","old_state",12,"2024-12",21
11,"GUJARAT",2025-01-01,2025,482.44,2.84,75270.23,3.21,"2025 jan.xlsx","old_state",1,"2025-01",22
11,"GUJARAT",2025-02-01,2025,416.26,2.58,62967.52,2.87,"2025 feb.xlsx","old_state",2,"2025-02",23
11,"GUJARAT",2025-03-01,2025,470.83,2.57,70343.32,2.84,"2025 mar.xlsx","old_state",3,"2025-03",24
11,"GUJARAT",2025-04-01,2025,538.57,3.01,77374.37,3.23,"2025 apr.xlsx","old_state",4,"2025-04",25
11,"GUJARAT",2025-05-01,2025,585.79,3.14,85134.34,3.39,"2025 may.xlsx","old_state",5,"2025-05",26
11,"GUJARAT",2025-06-01,2025,440.93,2.4,64058.92,2.66,"2025 jun.xlsx","old_state",6,"2025-06",27
11,"GUJARAT",2025-07-01,2025,501.34,2.58,74010.9,2.95,"2025 july.xlsx","old_state",7,"2025-07",28
11,"GUJARAT",2025-08-01,2025,515.15,2.57,73518.28,2.96,"2025 aug.xlsx","old_state",8,"2025-08",29
11,"GUJARAT",2025-09-01,2025,515.11,2.62,75403.93,3.03,"2025 sept.xlsx","old_state",9,"2025-09",30
11,"GUJARAT",2025-10-01,2025,534.08,2.58,85444.71,3.13,"2025 oct.xlsx","old_state",10,"2025-10",31
11,"GUJARAT",2025-11-01,2025,510.56,2.49,76129.09,2.89,"2025 nov.xlsx","old_state",11,"2025-11",32
11,"GUJARAT",2025-12-01,2025,555.31,2.57,86699.29,3.1,"2025 dec.xlsx","old_state",12,"2025-12",33
11,"GUJARAT",2026-01-01,2026,568.86,2.62,88272.48,3.12,"2026 jan.xlsx","old_state",1,"2026-01",34
11,"GUJARAT",2026-02-01,2026,525.99,2.58,80307.51,2.99,"2026 feb.xlsx","old_state",2,"2026-02",35
11,"GUJARAT",2026-03-01,2026,565.42,2.5,85954.4,2.91,"2026 mar.xlsx","new_district_total",3,"2026-03",36
11,"GUJARAT",2026-04-01,2026,547.19,2.42,83863.15,2.84,"2026 apr.xlsx","new_district_total",4,"2026-04",37
11,"GUJARAT",2026-05-01,2026,563.06,2.39,84835.7,2.81,"2026 may.xlsx","new_district_total",5,"2026-05",38
11,"GUJARAT",2026-06-01,2026,567.66,2.5,84731.57,2.93,"2026 jun.xlsx","new_district_total",6,"2026-06",39
12,"HARYANA",2023-04-01,2023,225.35,2.54,35256.24,2.49,"2023 apr.xlsx","old_state",4,"2023-04",1
12,"HARYANA",2023-05-01,2023,231.21,2.46,36868.32,2.48,"2023 may.xlsx","old_state",5,"2023-05",2
12,"HARYANA",2023-06-01,2023,226.29,2.42,35090.23,2.38,"2023 june.xlsx","old_state",6,"2023-06",3
12,"HARYANA",2023-07-01,2023,246.82,2.48,37267.08,2.43,"2023 july.xlsx","old_state",7,"2023-07",4
12,"HARYANA",2023-08-01,2023,255.9,2.42,38322.05,2.43,"2023 aug.xlsx","old_state",8,"2023-08",5
12,"HARYANA",2023-09-01,2023,265.59,2.52,39655.16,2.51,"2023 sept.xlsx","old_state",9,"2023-09",6
12,"HARYANA",2023-10-01,2023,293.23,2.57,44962.4,2.62,"2023 oct.xlsx","old_state",10,"2023-10",7
12,"HARYANA",2023-11-01,2023,279.29,2.49,45139.63,2.59,"2023 nov.xlsx","old_state",11,"2023-11",8
12,"HARYANA",2023-12-01,2023,290.86,2.42,45897.55,2.52,"2023 dec.xlsx","old_state",12,"2023-12",9
12,"HARYANA",2024-01-01,2024,302.68,2.48,46875.26,2.55,"2024 jan.xlsx","old_state",1,"2024-01",10
12,"HARYANA",2024-02-01,2024,298.65,2.47,46490.93,2.54,"2024 feb.xlsx","old_state",2,"2024-02",11
12,"HARYANA",2024-03-01,2024,351.2,2.61,50497.34,2.55,"2024 mar.xlsx","old_state",3,"2024-03",12
12,"HARYANA",2024-04-01,2024,349.9,2.63,50557.95,2.57,"2024 apr.xlsx","old_state",4,"2024-04",13
12,"HARYANA",2024-05-01,2024,378.41,2.7,54556.73,2.67,"2024 may.xlsx","old_state",5,"2024-05",14
12,"HARYANA",2024-06-01,2024,363.84,2.62,50928.34,2.54,"2024 jun.xlsx","old_state",6,"2024-06",15
12,"HARYANA",2024-07-01,2024,360.77,2.5,51482.87,2.49,"2024 july.xlsx","old_state",7,"2024-07",16
12,"HARYANA",2024-08-01,2024,328.91,2.2,46509.17,2.26,"2024 aug.xlsx","old_state",8,"2024-08",17
12,"HARYANA",2024-09-01,2024,338.58,2.25,46386.4,2.25,"2024 sept.xlsx","old_state",9,"2024-09",18
12,"HARYANA",2024-10-01,2024,371.79,2.24,53130.4,2.26,"2024 oct.xlsx","old_state",10,"2024-10",19
12,"HARYANA",2024-11-01,2024,346.02,2.23,51552.8,2.39,"2024 nov.xlsx","old_state",11,"2024-11",20
12,"HARYANA",2024-12-01,2024,372.39,2.23,54975.91,2.36,"2024 dec.xlsx","old_state",12,"2024-12",21
12,"HARYANA",2025-01-01,2025,339.78,2,50647,2.16,"2025 jan.xlsx","old_state",1,"2025-01",22
12,"HARYANA",2025-02-01,2025,302.23,1.88,44342.88,2.02,"2025 feb.xlsx","old_state",2,"2025-02",23
12,"HARYANA",2025-03-01,2025,346.8,1.89,49619.26,2,"2025 mar.xlsx","old_state",3,"2025-03",24
12,"HARYANA",2025-04-01,2025,410.35,2.29,57581.17,2.4,"2025 apr.xlsx","old_state",4,"2025-04",25
12,"HARYANA",2025-05-01,2025,462.67,2.48,65952.89,2.62,"2025 may.xlsx","old_state",5,"2025-05",26
12,"HARYANA",2025-06-01,2025,361.02,1.96,48951.4,2.04,"2025 jun.xlsx","old_state",6,"2025-06",27
12,"HARYANA",2025-07-01,2025,397.29,2.04,54916.93,2.19,"2025 july.xlsx","old_state",7,"2025-07",28
12,"HARYANA",2025-08-01,2025,401.3,2.01,53984.25,2.17,"2025 aug.xlsx","old_state",8,"2025-08",29
12,"HARYANA",2025-09-01,2025,402.1,2.05,55079.83,2.21,"2025 sept.xlsx","old_state",9,"2025-09",30
12,"HARYANA",2025-10-01,2025,420.32,2.03,62164.88,2.28,"2025 oct.xlsx","old_state",10,"2025-10",31
12,"HARYANA",2025-11-01,2025,402.11,1.96,58994.49,2.24,"2025 nov.xlsx","old_state",11,"2025-11",32
12,"HARYANA",2025-12-01,2025,418.1,1.93,61294.14,2.19,"2025 dec.xlsx","old_state",12,"2025-12",33
12,"HARYANA",2026-01-01,2026,413.35,1.9,61236.56,2.16,"2026 jan.xlsx","old_state",1,"2026-01",34
12,"HARYANA",2026-02-01,2026,395.1,1.94,57895,2.16,"2026 feb.xlsx","old_state",2,"2026-02",35
12,"HARYANA",2026-03-01,2026,424.91,1.88,61869.14,2.1,"2026 mar.xlsx","new_district_total",3,"2026-03",36
12,"HARYANA",2026-04-01,2026,427.28,1.89,62199.7,2.11,"2026 apr.xlsx","new_district_total",4,"2026-04",37
12,"HARYANA",2026-05-01,2026,447.16,1.9,66140.19,2.19,"2026 may.xlsx","new_district_total",5,"2026-05",38
12,"HARYANA",2026-06-01,2026,438.82,1.93,61564.62,2.13,"2026 jun.xlsx","new_district_total",6,"2026-06",39
13,"HIMACHAL PRADESH",2023-04-01,2023,34.96,0.39,4786.04,0.34,"2023 apr.xlsx","old_state",4,"2023-04",1
13,"HIMACHAL PRADESH",2023-05-01,2023,38.5,0.41,5312.81,0.36,"2023 may.xlsx","old_state",5,"2023-05",2
13,"HIMACHAL PRADESH",2023-06-01,2023,37.47,0.4,5510.42,0.37,"2023 june.xlsx","old_state",6,"2023-06",3
13,"HIMACHAL PRADESH",2023-07-01,2023,33.86,0.34,4716.73,0.31,"2023 july.xlsx","old_state",7,"2023-07",4
13,"HIMACHAL PRADESH",2023-08-01,2023,35.23,0.33,4698.18,0.3,"2023 aug.xlsx","old_state",8,"2023-08",5
13,"HIMACHAL PRADESH",2023-09-01,2023,36.61,0.35,5035.77,0.32,"2023 sept.xlsx","old_state",9,"2023-09",6
13,"HIMACHAL PRADESH",2023-10-01,2023,41.56,0.36,5717.15,0.33,"2023 oct.xlsx","old_state",10,"2023-10",7
13,"HIMACHAL PRADESH",2023-11-01,2023,40.7,0.36,5732.29,0.33,"2023 nov.xlsx","old_state",11,"2023-11",8
13,"HIMACHAL PRADESH",2023-12-01,2023,42.16,0.35,5760.84,0.32,"2023 dec.xlsx","old_state",12,"2023-12",9
13,"HIMACHAL PRADESH",2024-01-01,2024,41.92,0.34,5787.9,0.31,"2024 jan.xlsx","old_state",1,"2024-01",10
13,"HIMACHAL PRADESH",2024-02-01,2024,42.98,0.36,5847.83,0.32,"2024 feb.xlsx","old_state",2,"2024-02",11
13,"HIMACHAL PRADESH",2024-03-01,2024,51.93,0.39,6624.41,0.33,"2024 mar.xlsx","old_state",3,"2024-03",12
13,"HIMACHAL PRADESH",2024-04-01,2024,55.17,0.41,6913.91,0.35,"2024 apr.xlsx","old_state",4,"2024-04",13
13,"HIMACHAL PRADESH",2024-05-01,2024,61.56,0.44,7654.18,0.37,"2024 may.xlsx","old_state",5,"2024-05",14
13,"HIMACHAL PRADESH",2024-06-01,2024,60.51,0.44,7786.25,0.39,"2024 jun.xlsx","old_state",6,"2024-06",15
13,"HIMACHAL PRADESH",2024-07-01,2024,52.82,0.37,6898.38,0.33,"2024 july.xlsx","old_state",7,"2024-07",16
13,"HIMACHAL PRADESH",2024-08-01,2024,48.66,0.33,6252.15,0.3,"2024 aug.xlsx","old_state",8,"2024-08",17
13,"HIMACHAL PRADESH",2024-09-01,2024,49.18,0.33,6379.72,0.31,"2024 sept.xlsx","old_state",9,"2024-09",18
13,"HIMACHAL PRADESH",2024-10-01,2024,56.14,0.34,7815.12,0.33,"2024 oct.xlsx","old_state",10,"2024-10",19
13,"HIMACHAL PRADESH",2024-11-01,2024,52.29,0.34,6997.02,0.32,"2024 nov.xlsx","old_state",11,"2024-11",20
13,"HIMACHAL PRADESH",2024-12-01,2024,57.01,0.34,7459.08,0.32,"2024 dec.xlsx","old_state",12,"2024-12",21
13,"HIMACHAL PRADESH",2025-01-01,2025,52.98,0.31,7024.65,0.3,"2025 jan.xlsx","old_state",1,"2025-01",22
13,"HIMACHAL PRADESH",2025-02-01,2025,46.84,0.29,5949.44,0.27,"2025 feb.xlsx","old_state",2,"2025-02",23
13,"HIMACHAL PRADESH",2025-03-01,2025,57.13,0.31,7048.59,0.28,"2025 mar.xlsx","old_state",3,"2025-03",24
13,"HIMACHAL PRADESH",2025-04-01,2025,64.32,0.36,7821.2,0.33,"2025 apr.xlsx","old_state",4,"2025-04",25
13,"HIMACHAL PRADESH",2025-05-01,2025,68.39,0.37,8430.37,0.34,"2025 may.xlsx","old_state",5,"2025-05",26
13,"HIMACHAL PRADESH",2025-06-01,2025,58.14,0.32,7262.4,0.3,"2025 jun.xlsx","old_state",6,"2025-06",27
13,"HIMACHAL PRADESH",2025-07-01,2025,56.85,0.29,7153.07,0.29,"2025 july.xlsx","old_state",7,"2025-07",28
13,"HIMACHAL PRADESH",2025-08-01,2025,54.88,0.27,6738.67,0.27,"2025 aug.xlsx","old_state",8,"2025-08",29
13,"HIMACHAL PRADESH",2025-09-01,2025,53.1,0.27,6899.72,0.28,"2025 sept.xlsx","old_state",9,"2025-09",30
13,"HIMACHAL PRADESH",2025-10-01,2025,61.96,0.3,8658.35,0.32,"2025 oct.xlsx","old_state",10,"2025-10",31
13,"HIMACHAL PRADESH",2025-11-01,2025,58.58,0.29,7825.51,0.3,"2025 nov.xlsx","old_state",11,"2025-11",32
13,"HIMACHAL PRADESH",2025-12-01,2025,63.08,0.29,8446.08,0.3,"2025 dec.xlsx","old_state",12,"2025-12",33
13,"HIMACHAL PRADESH",2026-01-01,2026,60.3,0.28,8159.92,0.29,"2026 jan.xlsx","old_state",1,"2026-01",34
13,"HIMACHAL PRADESH",2026-02-01,2026,55.51,0.27,7395.6,0.28,"2026 feb.xlsx","old_state",2,"2026-02",35
13,"HIMACHAL PRADESH",2026-03-01,2026,63.96,0.28,8396.95,0.28,"2026 mar.xlsx","new_district_total",3,"2026-03",36
13,"HIMACHAL PRADESH",2026-04-01,2026,64.49,0.28,8553.29,0.29,"2026 apr.xlsx","new_district_total",4,"2026-04",37
13,"HIMACHAL PRADESH",2026-05-01,2026,69.68,0.3,9112.76,0.3,"2026 may.xlsx","new_district_total",5,"2026-05",38
13,"HIMACHAL PRADESH",2026-06-01,2026,71.39,0.31,9484.49,0.33,"2026 jun.xlsx","new_district_total",6,"2026-06",39
14,"JAMMU AND KASHMIR",2023-04-01,2023,28.44,0.32,4783.74,0.34,"2023 apr.xlsx","old_state",4,"2023-04",1
14,"JAMMU AND KASHMIR",2023-05-01,2023,32.13,0.34,5046.91,0.34,"2023 may.xlsx","old_state",5,"2023-05",2
14,"JAMMU AND KASHMIR",2023-06-01,2023,30.84,0.33,5058.35,0.34,"2023 june.xlsx","old_state",6,"2023-06",3
14,"JAMMU AND KASHMIR",2023-07-01,2023,32.26,0.32,5337.27,0.35,"2023 july.xlsx","old_state",7,"2023-07",4
14,"JAMMU AND KASHMIR",2023-08-01,2023,34.8,0.33,5283.63,0.34,"2023 aug.xlsx","old_state",8,"2023-08",5
14,"JAMMU AND KASHMIR",2023-09-01,2023,35.83,0.34,5399.43,0.34,"2023 sept.xlsx","old_state",9,"2023-09",6
14,"JAMMU AND KASHMIR",2023-10-01,2023,39.88,0.35,6198.21,0.36,"2023 oct.xlsx","old_state",10,"2023-10",7
14,"JAMMU AND KASHMIR",2023-11-01,2023,40.66,0.36,6345.35,0.36,"2023 nov.xlsx","old_state",11,"2023-11",8
14,"JAMMU AND KASHMIR",2023-12-01,2023,39.71,0.33,6135.21,0.34,"2023 dec.xlsx","old_state",12,"2023-12",9
14,"JAMMU AND KASHMIR",2024-01-01,2024,43.49,0.36,6368.15,0.35,"2024 jan.xlsx","old_state",1,"2024-01",10
14,"JAMMU AND KASHMIR",2024-02-01,2024,45.24,0.37,6584.35,0.36,"2024 feb.xlsx","old_state",2,"2024-02",11
14,"JAMMU AND KASHMIR",2024-03-01,2024,53.84,0.4,7489.54,0.38,"2024 mar.xlsx","old_state",3,"2024-03",12
14,"JAMMU AND KASHMIR",2024-04-01,2024,60.25,0.45,8502.35,0.43,"2024 apr.xlsx","old_state",4,"2024-04",13
14,"JAMMU AND KASHMIR",2024-05-01,2024,67.16,0.48,9133.63,0.45,"2024 may.xlsx","old_state",5,"2024-05",14
14,"JAMMU AND KASHMIR",2024-06-01,2024,66.81,0.48,9257.4,0.46,"2024 jun.xlsx","old_state",6,"2024-06",15
14,"JAMMU AND KASHMIR",2024-07-01,2024,66.47,0.46,9241.72,0.45,"2024 july.xlsx","old_state",7,"2024-07",16
14,"JAMMU AND KASHMIR",2024-08-01,2024,63.18,0.42,8803.92,0.43,"2024 aug.xlsx","old_state",8,"2024-08",17
14,"JAMMU AND KASHMIR",2024-09-01,2024,65.19,0.43,9238.54,0.45,"2024 sept.xlsx","old_state",9,"2024-09",18
14,"JAMMU AND KASHMIR",2024-10-01,2024,71.73,0.43,10953,0.47,"2024 oct.xlsx","old_state",10,"2024-10",19
14,"JAMMU AND KASHMIR",2024-11-01,2024,70,0.45,10163.69,0.47,"2024 nov.xlsx","old_state",11,"2024-11",20
14,"JAMMU AND KASHMIR",2024-12-01,2024,74.38,0.44,10532.87,0.45,"2024 dec.xlsx","old_state",12,"2024-12",21
14,"JAMMU AND KASHMIR",2025-01-01,2025,68.04,0.4,9399.84,0.4,"2025 jan.xlsx","old_state",1,"2025-01",22
14,"JAMMU AND KASHMIR",2025-02-01,2025,60.94,0.38,8287.11,0.38,"2025 feb.xlsx","old_state",2,"2025-02",23
14,"JAMMU AND KASHMIR",2025-03-01,2025,71.77,0.39,10046.35,0.41,"2025 mar.xlsx","old_state",3,"2025-03",24
14,"JAMMU AND KASHMIR",2025-04-01,2025,88.43,0.49,11544.77,0.48,"2025 apr.xlsx","old_state",4,"2025-04",25
14,"JAMMU AND KASHMIR",2025-05-01,2025,94.39,0.51,11815.9,0.47,"2025 may.xlsx","old_state",5,"2025-05",26
14,"JAMMU AND KASHMIR",2025-06-01,2025,76.74,0.42,9485.08,0.39,"2025 jun.xlsx","old_state",6,"2025-06",27
14,"JAMMU AND KASHMIR",2025-07-01,2025,85.58,0.44,10998.69,0.44,"2025 july.xlsx","old_state",7,"2025-07",28
14,"JAMMU AND KASHMIR",2025-08-01,2025,81.02,0.4,10254.43,0.41,"2025 aug.xlsx","old_state",8,"2025-08",29
14,"JAMMU AND KASHMIR",2025-09-01,2025,78,0.4,10480.68,0.42,"2025 sept.xlsx","old_state",9,"2025-09",30
14,"JAMMU AND KASHMIR",2025-10-01,2025,87.23,0.42,12529.98,0.46,"2025 oct.xlsx","old_state",10,"2025-10",31
14,"JAMMU AND KASHMIR",2025-11-01,2025,83.52,0.41,11668.35,0.44,"2025 nov.xlsx","old_state",11,"2025-11",32
14,"JAMMU AND KASHMIR",2025-12-01,2025,86.74,0.4,11912.84,0.43,"2025 dec.xlsx","old_state",12,"2025-12",33
14,"JAMMU AND KASHMIR",2026-01-01,2026,83.76,0.39,11368.46,0.4,"2026 jan.xlsx","old_state",1,"2026-01",34
14,"JAMMU AND KASHMIR",2026-02-01,2026,79.14,0.39,10719.83,0.4,"2026 feb.xlsx","old_state",2,"2026-02",35
14,"JAMMU AND KASHMIR",2026-03-01,2026,86.63,0.38,12268.67,0.42,"2026 mar.xlsx","new_district_total",3,"2026-03",36
14,"JAMMU AND KASHMIR",2026-04-01,2026,94.21,0.42,12715.55,0.43,"2026 apr.xlsx","new_district_total",4,"2026-04",37
14,"JAMMU AND KASHMIR",2026-05-01,2026,103.51,0.44,13743.86,0.46,"2026 may.xlsx","new_district_total",5,"2026-05",38
14,"JAMMU AND KASHMIR",2026-06-01,2026,101.23,0.45,13096.6,0.45,"2026 jun.xlsx","new_district_total",6,"2026-06",39
15,"JHARKHAND",2023-04-01,2023,93.42,1.05,14905.34,1.05,"2023 apr.xlsx","old_state",4,"2023-04",1
15,"JHARKHAND",2023-05-01,2023,93.45,0.99,14415.31,0.97,"2023 may.xlsx","old_state",5,"2023-05",2
15,"JHARKHAND",2023-06-01,2023,88.77,0.95,13802.1,0.94,"2023 june.xlsx","old_state",6,"2023-06",3
15,"JHARKHAND",2023-07-01,2023,96.74,0.97,14277.91,0.93,"2023 july.xlsx","old_state",7,"2023-07",4
15,"JHARKHAND",2023-08-01,2023,104.67,0.99,14547.31,0.92,"2023 aug.xlsx","old_state",8,"2023-08",5
15,"JHARKHAND",2023-09-01,2023,104.08,0.99,14937.74,0.95,"2023 sept.xlsx","old_state",9,"2023-09",6
15,"JHARKHAND",2023-10-01,2023,118.93,1.04,16946.85,0.99,"2023 oct.xlsx","old_state",10,"2023-10",7
15,"JHARKHAND",2023-11-01,2023,122.61,1.09,17742.21,1.02,"2023 nov.xlsx","old_state",11,"2023-11",8
15,"JHARKHAND",2023-12-01,2023,132.25,1.1,19260.59,1.06,"2023 dec.xlsx","old_state",12,"2023-12",9
15,"JHARKHAND",2024-01-01,2024,137.14,1.12,19328.2,1.05,"2024 jan.xlsx","old_state",1,"2024-01",10
15,"JHARKHAND",2024-02-01,2024,141.46,1.17,20410.18,1.12,"2024 feb.xlsx","old_state",2,"2024-02",11
15,"JHARKHAND",2024-03-01,2024,157.45,1.17,22507.82,1.14,"2024 mar.xlsx","old_state",3,"2024-03",12
15,"JHARKHAND",2024-04-01,2024,158.97,1.19,22618.61,1.15,"2024 apr.xlsx","old_state",4,"2024-04",13
15,"JHARKHAND",2024-05-01,2024,163.73,1.17,22163.69,1.08,"2024 may.xlsx","old_state",5,"2024-05",14
15,"JHARKHAND",2024-06-01,2024,162.72,1.17,22088.48,1.1,"2024 jun.xlsx","old_state",6,"2024-06",15
15,"JHARKHAND",2024-07-01,2024,168.74,1.17,23060.05,1.12,"2024 july.xlsx","old_state",7,"2024-07",16
15,"JHARKHAND",2024-08-01,2024,158.2,1.06,20378.75,0.99,"2024 aug.xlsx","old_state",8,"2024-08",17
15,"JHARKHAND",2024-09-01,2024,157.39,1.05,20697.4,1,"2024 sept.xlsx","old_state",9,"2024-09",18
15,"JHARKHAND",2024-10-01,2024,188.38,1.14,25349.09,1.08,"2024 oct.xlsx","old_state",10,"2024-10",19
15,"JHARKHAND",2024-11-01,2024,182.02,1.18,24110.49,1.12,"2024 nov.xlsx","old_state",11,"2024-11",20
15,"JHARKHAND",2024-12-01,2024,191.78,1.15,26267.62,1.13,"2024 dec.xlsx","old_state",12,"2024-12",21
15,"JHARKHAND",2025-01-01,2025,165.9,0.98,22976,0.98,"2025 jan.xlsx","old_state",1,"2025-01",22
15,"JHARKHAND",2025-02-01,2025,142.33,0.88,19879.81,0.91,"2025 feb.xlsx","old_state",2,"2025-02",23
15,"JHARKHAND",2025-03-01,2025,166.62,0.91,23760.23,0.96,"2025 mar.xlsx","old_state",3,"2025-03",24
15,"JHARKHAND",2025-04-01,2025,206.06,1.15,28022.42,1.17,"2025 apr.xlsx","old_state",4,"2025-04",25
15,"JHARKHAND",2025-05-01,2025,229.1,1.23,30563.83,1.22,"2025 may.xlsx","old_state",5,"2025-05",26
15,"JHARKHAND",2025-06-01,2025,155.8,0.85,20667.56,0.86,"2025 jun.xlsx","old_state",6,"2025-06",27
15,"JHARKHAND",2025-07-01,2025,167.61,0.86,21496.22,0.86,"2025 july.xlsx","old_state",7,"2025-07",28
15,"JHARKHAND",2025-08-01,2025,171.24,0.86,21569.36,0.87,"2025 aug.xlsx","old_state",8,"2025-08",29
15,"JHARKHAND",2025-09-01,2025,169.52,0.86,22201.63,0.89,"2025 sept.xlsx","old_state",9,"2025-09",30
15,"JHARKHAND",2025-10-01,2025,182.17,0.88,24168.3,0.89,"2025 oct.xlsx","old_state",10,"2025-10",31
15,"JHARKHAND",2025-11-01,2025,178.47,0.87,23547.39,0.89,"2025 nov.xlsx","old_state",11,"2025-11",32
15,"JHARKHAND",2025-12-01,2025,185.9,0.86,25154.32,0.9,"2025 dec.xlsx","old_state",12,"2025-12",33
15,"JHARKHAND",2026-01-01,2026,188.64,0.87,25461.44,0.9,"2026 jan.xlsx","old_state",1,"2026-01",34
15,"JHARKHAND",2026-02-01,2026,173.79,0.85,24133.93,0.9,"2026 feb.xlsx","old_state",2,"2026-02",35
15,"JHARKHAND",2026-03-01,2026,197.5,0.87,27024.97,0.92,"2026 mar.xlsx","new_district_total",3,"2026-03",36
15,"JHARKHAND",2026-04-01,2026,196.71,0.87,27290.39,0.92,"2026 apr.xlsx","new_district_total",4,"2026-04",37
15,"JHARKHAND",2026-05-01,2026,200.77,0.85,26643.36,0.88,"2026 may.xlsx","new_district_total",5,"2026-05",38
15,"JHARKHAND",2026-06-01,2026,191.82,0.84,24960.98,0.86,"2026 jun.xlsx","new_district_total",6,"2026-06",39
16,"KARNATAKA",2023-04-01,2023,772.62,8.72,114007.15,8.05,"2023 apr.xlsx","old_state",4,"2023-04",1
16,"KARNATAKA",2023-05-01,2023,797.62,8.47,118039.69,7.93,"2023 may.xlsx","old_state",5,"2023-05",2
16,"KARNATAKA",2023-06-01,2023,812.5,8.7,116958.14,7.93,"2023 june.xlsx","old_state",6,"2023-06",3
16,"KARNATAKA",2023-07-01,2023,870.28,8.73,122630.19,8,"2023 july.xlsx","old_state",7,"2023-07",4
16,"KARNATAKA",2023-08-01,2023,924.36,8.73,126876.33,8.05,"2023 aug.xlsx","old_state",8,"2023-08",5
16,"KARNATAKA",2023-09-01,2023,896.89,8.5,125683.26,7.96,"2023 sept.xlsx","old_state",9,"2023-09",6
16,"KARNATAKA",2023-10-01,2023,957.72,8.39,133243.89,7.77,"2023 oct.xlsx","old_state",10,"2023-10",7
16,"KARNATAKA",2023-11-01,2023,935.02,8.32,132126.57,7.59,"2023 nov.xlsx","old_state",11,"2023-11",8
16,"KARNATAKA",2023-12-01,2023,921.02,7.66,128746.92,7.06,"2023 dec.xlsx","old_state",12,"2023-12",9
16,"KARNATAKA",2024-01-01,2024,987.74,8.09,136780.78,7.43,"2024 jan.xlsx","old_state",1,"2024-01",10
16,"KARNATAKA",2024-02-01,2024,1038.59,8.58,144752.39,7.92,"2024 feb.xlsx","old_state",2,"2024-02",11
16,"KARNATAKA",2024-03-01,2024,1142.17,8.5,156929.06,7.93,"2024 mar.xlsx","old_state",3,"2024-03",12
16,"KARNATAKA",2024-04-01,2024,1095.55,8.23,153489.72,7.81,"2024 apr.xlsx","old_state",4,"2024-04",13
16,"KARNATAKA",2024-05-01,2024,1155.25,8.23,162894.87,7.97,"2024 may.xlsx","old_state",5,"2024-05",14
16,"KARNATAKA",2024-06-01,2024,1140.18,8.21,158022.89,7.87,"2024 jun.xlsx","old_state",6,"2024-06",15
16,"KARNATAKA",2024-07-01,2024,1168.35,8.09,159553.82,7.73,"2024 july.xlsx","old_state",7,"2024-07",16
16,"KARNATAKA",2024-08-01,2024,1182.92,7.91,160368.38,7.78,"2024 aug.xlsx","old_state",8,"2024-08",17
16,"KARNATAKA",2024-09-01,2024,1177.67,7.83,160384.81,7.77,"2024 sept.xlsx","old_state",9,"2024-09",18
16,"KARNATAKA",2024-10-01,2024,1233.2,7.44,170913.06,7.27,"2024 oct.xlsx","old_state",10,"2024-10",19
16,"KARNATAKA",2024-11-01,2024,1204.97,7.78,163394.2,7.58,"2024 nov.xlsx","old_state",11,"2024-11",20
16,"KARNATAKA",2024-12-01,2024,1294.78,7.74,175534.51,7.55,"2024 dec.xlsx","old_state",12,"2024-12",21
16,"KARNATAKA",2025-01-01,2025,1133.57,6.67,155521,6.62,"2025 jan.xlsx","old_state",1,"2025-01",22
16,"KARNATAKA",2025-02-01,2025,974.07,6.05,132442.52,6.03,"2025 feb.xlsx","old_state",2,"2025-02",23
16,"KARNATAKA",2025-03-01,2025,1092.86,5.97,152072.42,6.14,"2025 mar.xlsx","old_state",3,"2025-03",24
16,"KARNATAKA",2025-04-01,2025,1263.4,7.06,173465.79,7.24,"2025 apr.xlsx","old_state",4,"2025-04",25
16,"KARNATAKA",2025-05-01,2025,1443.05,7.73,200378.42,7.97,"2025 may.xlsx","old_state",5,"2025-05",26
16,"KARNATAKA",2025-06-01,2025,1000.66,5.44,134850.46,5.61,"2025 jun.xlsx","old_state",6,"2025-06",27
16,"KARNATAKA",2025-07-01,2025,1067.74,5.48,144605.61,5.76,"2025 july.xlsx","old_state",7,"2025-07",28
16,"KARNATAKA",2025-08-01,2025,1077.76,5.39,142488.77,5.73,"2025 aug.xlsx","old_state",8,"2025-08",29
16,"KARNATAKA",2025-09-01,2025,1060.37,5.4,143932.39,5.78,"2025 sept.xlsx","old_state",9,"2025-09",30
16,"KARNATAKA",2025-10-01,2025,1086.64,5.25,150900.53,5.53,"2025 oct.xlsx","old_state",10,"2025-10",31
16,"KARNATAKA",2025-11-01,2025,1105.63,5.4,150262.03,5.71,"2025 nov.xlsx","old_state",11,"2025-11",32
16,"KARNATAKA",2025-12-01,2025,1166.38,5.39,162279.52,5.8,"2025 dec.xlsx","old_state",12,"2025-12",33
16,"KARNATAKA",2026-01-01,2026,1165.05,5.37,164652.55,5.81,"2026 jan.xlsx","old_state",1,"2026-01",34
16,"KARNATAKA",2026-02-01,2026,1090.35,5.35,155422.85,5.79,"2026 feb.xlsx","old_state",2,"2026-02",35
16,"KARNATAKA",2026-03-01,2026,1181.05,5.22,171403.92,5.81,"2026 mar.xlsx","new_district_total",3,"2026-03",36
16,"KARNATAKA",2026-04-01,2026,1156.43,5.11,168657.65,5.71,"2026 apr.xlsx","new_district_total",4,"2026-04",37
16,"KARNATAKA",2026-05-01,2026,1200.76,5.1,173808.63,5.76,"2026 may.xlsx","new_district_total",5,"2026-05",38
16,"KARNATAKA",2026-06-01,2026,1175.34,5.17,166247.17,5.75,"2026 jun.xlsx","new_district_total",6,"2026-06",39
17,"KERALA",2023-04-01,2023,201.13,2.27,31243.16,2.21,"2023 apr.xlsx","old_state",4,"2023-04",1
17,"KERALA",2023-05-01,2023,219.5,2.33,34118.36,2.29,"2023 may.xlsx","old_state",5,"2023-05",2
17,"KERALA",2023-06-01,2023,215.06,2.3,32879.15,2.23,"2023 june.xlsx","old_state",6,"2023-06",3
17,"KERALA",2023-07-01,2023,224.03,2.25,33854.52,2.21,"2023 july.xlsx","old_state",7,"2023-07",4
17,"KERALA",2023-08-01,2023,249.36,2.36,37438.7,2.37,"2023 aug.xlsx","old_state",8,"2023-08",5
17,"KERALA",2023-09-01,2023,237.42,2.25,35412.25,2.24,"2023 sept.xlsx","old_state",9,"2023-09",6
17,"KERALA",2023-10-01,2023,254.32,2.23,36657.16,2.14,"2023 oct.xlsx","old_state",10,"2023-10",7
17,"KERALA",2023-11-01,2023,258.38,2.3,36759.86,2.11,"2023 nov.xlsx","old_state",11,"2023-11",8
17,"KERALA",2023-12-01,2023,273.68,2.28,39059.74,2.14,"2023 dec.xlsx","old_state",12,"2023-12",9
17,"KERALA",2024-01-01,2024,282,2.31,40654.71,2.21,"2024 jan.xlsx","old_state",1,"2024-01",10
17,"KERALA",2024-02-01,2024,287.59,2.38,40495.11,2.22,"2024 feb.xlsx","old_state",2,"2024-02",11
17,"KERALA",2024-03-01,2024,309.81,2.31,44213.71,2.23,"2024 mar.xlsx","old_state",3,"2024-03",12
17,"KERALA",2024-04-01,2024,311.31,2.34,44570.14,2.27,"2024 apr.xlsx","old_state",4,"2024-04",13
17,"KERALA",2024-05-01,2024,323.84,2.31,47360.2,2.32,"2024 may.xlsx","old_state",5,"2024-05",14
17,"KERALA",2024-06-01,2024,312.74,2.25,44455.91,2.21,"2024 jun.xlsx","old_state",6,"2024-06",15
17,"KERALA",2024-07-01,2024,315.38,2.18,44478.13,2.15,"2024 july.xlsx","old_state",7,"2024-07",16
17,"KERALA",2024-08-01,2024,328.82,2.2,45879.13,2.23,"2024 aug.xlsx","old_state",8,"2024-08",17
17,"KERALA",2024-09-01,2024,328.85,2.19,45855.58,2.22,"2024 sept.xlsx","old_state",9,"2024-09",18
17,"KERALA",2024-10-01,2024,345.6,2.08,46868.53,1.99,"2024 oct.xlsx","old_state",10,"2024-10",19
17,"KERALA",2024-11-01,2024,343.35,2.22,46483.04,2.16,"2024 nov.xlsx","old_state",11,"2024-11",20
17,"KERALA",2024-12-01,2024,369.76,2.21,50206.18,2.16,"2024 dec.xlsx","old_state",12,"2024-12",21
17,"KERALA",2025-01-01,2025,373.18,2.2,51570,2.2,"2025 jan.xlsx","old_state",1,"2025-01",22
17,"KERALA",2025-02-01,2025,329.57,2.05,45039.43,2.05,"2025 feb.xlsx","old_state",2,"2025-02",23
17,"KERALA",2025-03-01,2025,353.95,1.93,50645.7,2.04,"2025 mar.xlsx","old_state",3,"2025-03",24
17,"KERALA",2025-04-01,2025,362.28,2.02,50824.24,2.12,"2025 apr.xlsx","old_state",4,"2025-04",25
17,"KERALA",2025-05-01,2025,397.08,2.13,56646.28,2.25,"2025 may.xlsx","old_state",5,"2025-05",26
17,"KERALA",2025-06-01,2025,332.83,1.81,46102.32,1.92,"2025 jun.xlsx","old_state",6,"2025-06",27
17,"KERALA",2025-07-01,2025,369.33,1.9,51875.51,2.07,"2025 july.xlsx","old_state",7,"2025-07",28
17,"KERALA",2025-08-01,2025,399.48,2,56071.45,2.26,"2025 aug.xlsx","old_state",8,"2025-08",29
17,"KERALA",2025-09-01,2025,396.26,2.02,55742,2.24,"2025 sept.xlsx","old_state",9,"2025-09",30
17,"KERALA",2025-10-01,2025,418.45,2.02,58242.07,2.14,"2025 oct.xlsx","old_state",10,"2025-10",31
17,"KERALA",2025-11-01,2025,416.28,2.03,57144.28,2.17,"2025 nov.xlsx","old_state",11,"2025-11",32
17,"KERALA",2025-12-01,2025,451.69,2.09,62079.79,2.22,"2025 dec.xlsx","old_state",12,"2025-12",33
17,"KERALA",2026-01-01,2026,460.69,2.12,64883.42,2.29,"2026 jan.xlsx","old_state",1,"2026-01",34
17,"KERALA",2026-02-01,2026,411.92,2.02,57706.63,2.15,"2026 feb.xlsx","old_state",2,"2026-02",35
17,"KERALA",2026-03-01,2026,450.09,1.99,64044.33,2.17,"2026 mar.xlsx","new_district_total",3,"2026-03",36
17,"KERALA",2026-04-01,2026,442.12,1.95,61864.44,2.1,"2026 apr.xlsx","new_district_total",4,"2026-04",37
17,"KERALA",2026-05-01,2026,467.06,1.99,66310.71,2.2,"2026 may.xlsx","new_district_total",5,"2026-05",38
17,"KERALA",2026-06-01,2026,454.91,2,63489.63,2.2,"2026 jun.xlsx","new_district_total",6,"2026-06",39
18,"LADAKH",2023-04-01,2023,1.39,0.02,368.52,0.03,"2023 apr.xlsx","old_state",4,"2023-04",1
18,"LADAKH",2023-05-01,2023,1.72,0.02,412.84,0.03,"2023 may.xlsx","old_state",5,"2023-05",2
18,"LADAKH",2023-06-01,2023,1.81,0.02,454.94,0.03,"2023 june.xlsx","old_state",6,"2023-06",3
18,"LADAKH",2023-07-01,2023,1.94,0.02,483.88,0.03,"2023 july.xlsx","old_state",7,"2023-07",4
18,"LADAKH",2023-08-01,2023,2.05,0.02,480.89,0.03,"2023 aug.xlsx","old_state",8,"2023-08",5
18,"LADAKH",2023-09-01,2023,2.1,0.02,481.1,0.03,"2023 sept.xlsx","old_state",9,"2023-09",6
18,"LADAKH",2023-10-01,2023,2.02,0.02,468.85,0.03,"2023 oct.xlsx","old_state",10,"2023-10",7
18,"LADAKH",2023-11-01,2023,1.71,0.02,369.58,0.02,"2023 nov.xlsx","old_state",11,"2023-11",8
18,"LADAKH",2023-12-01,2023,1.74,0.01,368.7,0.02,"2023 dec.xlsx","old_state",12,"2023-12",9
18,"LADAKH",2024-01-01,2024,1.73,0.01,345.77,0.02,"2024 jan.xlsx","old_state",1,"2024-01",10
18,"LADAKH",2024-02-01,2024,1.68,0.01,339.04,0.02,"2024 feb.xlsx","old_state",2,"2024-02",11
18,"LADAKH",2024-03-01,2024,2.11,0.02,382.57,0.02,"2024 mar.xlsx","old_state",3,"2024-03",12
18,"LADAKH",2024-04-01,2024,2.7,0.02,532.87,0.03,"2024 apr.xlsx","old_state",4,"2024-04",13
18,"LADAKH",2024-05-01,2024,3.36,0.02,653.08,0.03,"2024 may.xlsx","old_state",5,"2024-05",14
18,"LADAKH",2024-06-01,2024,3.87,0.03,792.33,0.04,"2024 jun.xlsx","old_state",6,"2024-06",15
18,"LADAKH",2024-07-01,2024,3.88,0.03,770.2,0.04,"2024 july.xlsx","old_state",7,"2024-07",16
18,"LADAKH",2024-08-01,2024,3.5,0.02,705.94,0.03,"2024 aug.xlsx","old_state",8,"2024-08",17
18,"LADAKH",2024-09-01,2024,3.34,0.02,668.7,0.03,"2024 sept.xlsx","old_state",9,"2024-09",18
18,"LADAKH",2024-10-01,2024,3.21,0.02,680.84,0.03,"2024 oct.xlsx","old_state",10,"2024-10",19
18,"LADAKH",2024-11-01,2024,2.79,0.02,535.36,0.02,"2024 nov.xlsx","old_state",11,"2024-11",20
18,"LADAKH",2024-12-01,2024,2.68,0.02,517.94,0.02,"2024 dec.xlsx","old_state",12,"2024-12",21
18,"LADAKH",2025-01-01,2025,2.4,0.01,443.79,0.02,"2025 jan.xlsx","old_state",1,"2025-01",22
18,"LADAKH",2025-02-01,2025,2.16,0.01,374.76,0.02,"2025 feb.xlsx","old_state",2,"2025-02",23
18,"LADAKH",2025-03-01,2025,2.55,0.01,419.6,0.02,"2025 mar.xlsx","old_state",3,"2025-03",24
18,"LADAKH",2025-04-01,2025,3.63,0.02,651.93,0.03,"2025 apr.xlsx","old_state",4,"2025-04",25
18,"LADAKH",2025-05-01,2025,4.33,0.02,724.92,0.03,"2025 may.xlsx","old_state",5,"2025-05",26
18,"LADAKH",2025-06-01,2025,4.21,0.02,680.01,0.03,"2025 jun.xlsx","old_state",6,"2025-06",27
18,"LADAKH",2025-07-01,2025,4.68,0.02,821.56,0.03,"2025 july.xlsx","old_state",7,"2025-07",28
18,"LADAKH",2025-08-01,2025,4.48,0.02,781.31,0.03,"2025 aug.xlsx","old_state",8,"2025-08",29
18,"LADAKH",2025-09-01,2025,3.76,0.02,681.25,0.03,"2025 sept.xlsx","old_state",9,"2025-09",30
18,"LADAKH",2025-10-01,2025,3,0.01,663.27,0.02,"2025 oct.xlsx","old_state",10,"2025-10",31
18,"LADAKH",2025-11-01,2025,3.3,0.02,607.85,0.02,"2025 nov.xlsx","old_state",11,"2025-11",32
18,"LADAKH",2025-12-01,2025,3.03,0.01,554.47,0.02,"2025 dec.xlsx","old_state",12,"2025-12",33
18,"LADAKH",2026-01-01,2026,2.79,0.01,495.82,0.02,"2026 jan.xlsx","old_state",1,"2026-01",34
18,"LADAKH",2026-02-01,2026,2.55,0.01,439.87,0.02,"2026 feb.xlsx","old_state",2,"2026-02",35
18,"LADAKH",2026-03-01,2026,3.11,0.01,521.44,0.02,"2026 mar.xlsx","new_district_total",3,"2026-03",36
18,"LADAKH",2026-04-01,2026,4.14,0.02,772.55,0.03,"2026 apr.xlsx","new_district_total",4,"2026-04",37
18,"LADAKH",2026-05-01,2026,5.02,0.02,932.68,0.03,"2026 may.xlsx","new_district_total",5,"2026-05",38
18,"LADAKH",2026-06-01,2026,5.4,0.02,1015.53,0.04,"2026 jun.xlsx","new_district_total",6,"2026-06",39
19,"LAKSHADWEEP",2023-04-01,2023,0.09,0,23.34,0,"2023 apr.xlsx","old_state",4,"2023-04",1
19,"LAKSHADWEEP",2023-05-01,2023,0.08,0,21.79,0,"2023 may.xlsx","old_state",5,"2023-05",2
19,"LAKSHADWEEP",2023-06-01,2023,0.08,0,20.5,0,"2023 june.xlsx","old_state",6,"2023-06",3
19,"LAKSHADWEEP",2023-07-01,2023,0.09,0,21.03,0,"2023 july.xlsx","old_state",7,"2023-07",4
19,"LAKSHADWEEP",2023-08-01,2023,0.11,0,23.1,0,"2023 aug.xlsx","old_state",8,"2023-08",5
19,"LAKSHADWEEP",2023-09-01,2023,0.13,0,25.16,0,"2023 sept.xlsx","old_state",9,"2023-09",6
19,"LAKSHADWEEP",2023-10-01,2023,0.17,0,30.13,0,"2023 oct.xlsx","old_state",10,"2023-10",7
19,"LAKSHADWEEP",2023-11-01,2023,0.2,0,32.3,0,"2023 nov.xlsx","old_state",11,"2023-11",8
19,"LAKSHADWEEP",2023-12-01,2023,0.25,0,36.4,0,"2023 dec.xlsx","old_state",12,"2023-12",9
19,"LAKSHADWEEP",2024-01-01,2024,0.28,0,41.42,0,"2024 jan.xlsx","old_state",1,"2024-01",10
19,"LAKSHADWEEP",2024-02-01,2024,0.29,0,40.12,0,"2024 feb.xlsx","old_state",2,"2024-02",11
19,"LAKSHADWEEP",2024-03-01,2024,0.32,0,44.73,0,"2024 mar.xlsx","old_state",3,"2024-03",12
19,"LAKSHADWEEP",2024-04-01,2024,0.36,0,49.41,0,"2024 apr.xlsx","old_state",4,"2024-04",13
19,"LAKSHADWEEP",2024-05-01,2024,0.37,0,48.44,0,"2024 may.xlsx","old_state",5,"2024-05",14
19,"LAKSHADWEEP",2024-06-01,2024,0.35,0,40.58,0,"2024 jun.xlsx","old_state",6,"2024-06",15
19,"LAKSHADWEEP",2024-07-01,2024,0.35,0,39.56,0,"2024 july.xlsx","old_state",7,"2024-07",16
19,"LAKSHADWEEP",2024-08-01,2024,0.37,0,41.4,0,"2024 aug.xlsx","old_state",8,"2024-08",17
19,"LAKSHADWEEP",2024-09-01,2024,0.36,0,41.72,0,"2024 sept.xlsx","old_state",9,"2024-09",18
19,"LAKSHADWEEP",2024-10-01,2024,0.42,0,48.19,0,"2024 oct.xlsx","old_state",10,"2024-10",19
19,"LAKSHADWEEP",2024-11-01,2024,0.45,0,51.53,0,"2024 nov.xlsx","old_state",11,"2024-11",20
19,"LAKSHADWEEP",2024-12-01,2024,0.5,0,55.51,0,"2024 dec.xlsx","old_state",12,"2024-12",21
19,"LAKSHADWEEP",2025-01-01,2025,0.54,0,62.42,0,"2025 jan.xlsx","old_state",1,"2025-01",22
19,"LAKSHADWEEP",2025-02-01,2025,0.48,0,55.1,0,"2025 feb.xlsx","old_state",2,"2025-02",23
19,"LAKSHADWEEP",2025-03-01,2025,0.52,0,64.59,0,"2025 mar.xlsx","old_state",3,"2025-03",24
19,"LAKSHADWEEP",2025-04-01,2025,0.5,0,60.39,0,"2025 apr.xlsx","old_state",4,"2025-04",25
19,"LAKSHADWEEP",2025-05-01,2025,0.52,0,59.61,0,"2025 may.xlsx","old_state",5,"2025-05",26
19,"LAKSHADWEEP",2025-06-01,2025,0.49,0,47.78,0,"2025 jun.xlsx","old_state",6,"2025-06",27
19,"LAKSHADWEEP",2025-07-01,2025,0.54,0,53.09,0,"2025 july.xlsx","old_state",7,"2025-07",28
19,"LAKSHADWEEP",2025-08-01,2025,0.56,0,55.68,0,"2025 aug.xlsx","old_state",8,"2025-08",29
19,"LAKSHADWEEP",2025-09-01,2025,0.55,0,57.82,0,"2025 sept.xlsx","old_state",9,"2025-09",30
19,"LAKSHADWEEP",2025-10-01,2025,0.6,0,64.14,0,"2025 oct.xlsx","old_state",10,"2025-10",31
19,"LAKSHADWEEP",2025-11-01,2025,0.64,0,68.1,0,"2025 nov.xlsx","old_state",11,"2025-11",32
19,"LAKSHADWEEP",2025-12-01,2025,0.69,0,73.3,0,"2025 dec.xlsx","old_state",12,"2025-12",33
19,"LAKSHADWEEP",2026-01-01,2026,0.71,0,78.77,0,"2026 jan.xlsx","old_state",1,"2026-01",34
19,"LAKSHADWEEP",2026-02-01,2026,0.63,0,72.29,0,"2026 feb.xlsx","old_state",2,"2026-02",35
19,"LAKSHADWEEP",2026-03-01,2026,0.74,0,88.11,0,"2026 mar.xlsx","new_district_total",3,"2026-03",36
19,"LAKSHADWEEP",2026-04-01,2026,0.71,0,85.42,0,"2026 apr.xlsx","new_district_total",4,"2026-04",37
19,"LAKSHADWEEP",2026-05-01,2026,0.72,0,82.02,0,"2026 may.xlsx","new_district_total",5,"2026-05",38
19,"LAKSHADWEEP",2026-06-01,2026,0.69,0,69.98,0,"2026 jun.xlsx","new_district_total",6,"2026-06",39
20,"MADHYA PRADESH",2023-04-01,2023,375.53,4.24,56076.31,3.96,"2023 apr.xlsx","old_state",4,"2023-04",1
20,"MADHYA PRADESH",2023-05-01,2023,397.53,4.22,59740.76,4.01,"2023 may.xlsx","old_state",5,"2023-05",2
20,"MADHYA PRADESH",2023-06-01,2023,427.33,4.58,63711.04,4.32,"2023 june.xlsx","old_state",6,"2023-06",3
20,"MADHYA PRADESH",2023-07-01,2023,471.51,4.73,66620.88,4.34,"2023 july.xlsx","old_state",7,"2023-07",4
20,"MADHYA PRADESH",2023-08-01,2023,502.8,4.75,67895.74,4.31,"2023 aug.xlsx","old_state",8,"2023-08",5
20,"MADHYA PRADESH",2023-09-01,2023,512.81,4.86,69250.13,4.39,"2023 sept.xlsx","old_state",9,"2023-09",6
20,"MADHYA PRADESH",2023-10-01,2023,588.01,5.15,81040.7,4.72,"2023 oct.xlsx","old_state",10,"2023-10",7
20,"MADHYA PRADESH",2023-11-01,2023,510.51,4.54,72171.99,4.15,"2023 nov.xlsx","old_state",11,"2023-11",8
20,"MADHYA PRADESH",2023-12-01,2023,384.08,3.2,53739.43,2.95,"2023 dec.xlsx","old_state",12,"2023-12",9
20,"MADHYA PRADESH",2024-01-01,2024,451.9,3.7,62297.59,3.38,"2024 jan.xlsx","old_state",1,"2024-01",10
20,"MADHYA PRADESH",2024-02-01,2024,493.37,4.08,68550.32,3.75,"2024 feb.xlsx","old_state",2,"2024-02",11
20,"MADHYA PRADESH",2024-03-01,2024,575.54,4.28,76913.9,3.89,"2024 mar.xlsx","old_state",3,"2024-03",12
20,"MADHYA PRADESH",2024-04-01,2024,581.87,4.37,80171.32,4.08,"2024 apr.xlsx","old_state",4,"2024-04",13
20,"MADHYA PRADESH",2024-05-01,2024,600.07,4.28,80623.19,3.94,"2024 may.xlsx","old_state",5,"2024-05",14
20,"MADHYA PRADESH",2024-06-01,2024,567.43,4.09,75744.52,3.77,"2024 jun.xlsx","old_state",6,"2024-06",15
20,"MADHYA PRADESH",2024-07-01,2024,577.98,4,75482.42,3.66,"2024 july.xlsx","old_state",7,"2024-07",16
20,"MADHYA PRADESH",2024-08-01,2024,558.88,3.74,70795.32,3.44,"2024 aug.xlsx","old_state",8,"2024-08",17
20,"MADHYA PRADESH",2024-09-01,2024,530.34,3.53,67023.14,3.25,"2024 sept.xlsx","old_state",9,"2024-09",18
20,"MADHYA PRADESH",2024-10-01,2024,571.11,3.44,76062.12,3.24,"2024 oct.xlsx","old_state",10,"2024-10",19
20,"MADHYA PRADESH",2024-11-01,2024,534.77,3.45,71168.69,3.3,"2024 nov.xlsx","old_state",11,"2024-11",20
20,"MADHYA PRADESH",2024-12-01,2024,576.28,3.44,76689.59,3.3,"2024 dec.xlsx","old_state",12,"2024-12",21
20,"MADHYA PRADESH",2025-01-01,2025,476.41,2.8,65025.01,2.77,"2025 jan.xlsx","old_state",1,"2025-01",22
20,"MADHYA PRADESH",2025-02-01,2025,389.67,2.42,53550.1,2.44,"2025 feb.xlsx","old_state",2,"2025-02",23
20,"MADHYA PRADESH",2025-03-01,2025,427.85,2.34,58146.44,2.35,"2025 mar.xlsx","old_state",3,"2025-03",24
20,"MADHYA PRADESH",2025-04-01,2025,575.99,3.22,77961.24,3.26,"2025 apr.xlsx","old_state",4,"2025-04",25
20,"MADHYA PRADESH",2025-05-01,2025,688.25,3.68,92795.08,3.69,"2025 may.xlsx","old_state",5,"2025-05",26
20,"MADHYA PRADESH",2025-06-01,2025,386.82,2.1,52055.1,2.17,"2025 jun.xlsx","old_state",6,"2025-06",27
20,"MADHYA PRADESH",2025-07-01,2025,420.83,2.16,55546.05,2.21,"2025 july.xlsx","old_state",7,"2025-07",28
20,"MADHYA PRADESH",2025-08-01,2025,436.1,2.18,55552.05,2.24,"2025 aug.xlsx","old_state",8,"2025-08",29
20,"MADHYA PRADESH",2025-09-01,2025,420.54,2.14,54092.94,2.17,"2025 sept.xlsx","old_state",9,"2025-09",30
20,"MADHYA PRADESH",2025-10-01,2025,451.87,2.18,61257.18,2.25,"2025 oct.xlsx","old_state",10,"2025-10",31
20,"MADHYA PRADESH",2025-11-01,2025,444.92,2.17,59792.96,2.27,"2025 nov.xlsx","old_state",11,"2025-11",32
20,"MADHYA PRADESH",2025-12-01,2025,468.42,2.17,64115.4,2.29,"2025 dec.xlsx","old_state",12,"2025-12",33
20,"MADHYA PRADESH",2026-01-01,2026,475.09,2.19,65429.2,2.31,"2026 jan.xlsx","old_state",1,"2026-01",34
20,"MADHYA PRADESH",2026-02-01,2026,444.29,2.18,60937.99,2.27,"2026 feb.xlsx","old_state",2,"2026-02",35
20,"MADHYA PRADESH",2026-03-01,2026,482.43,2.13,65422.5,2.22,"2026 mar.xlsx","new_district_total",3,"2026-03",36
20,"MADHYA PRADESH",2026-04-01,2026,477.06,2.11,65436.38,2.22,"2026 apr.xlsx","new_district_total",4,"2026-04",37
20,"MADHYA PRADESH",2026-05-01,2026,489.25,2.08,67625.43,2.24,"2026 may.xlsx","new_district_total",5,"2026-05",38
20,"MADHYA PRADESH",2026-06-01,2026,479.06,2.11,66758.42,2.31,"2026 jun.xlsx","new_district_total",6,"2026-06",39
21,"MAHARASHTRA",2023-04-01,2023,1859.79,20.98,260344.8,18.39,"2023 apr.xlsx","old_state",4,"2023-04",1
21,"MAHARASHTRA",2023-05-01,2023,1859.62,19.75,258141.08,17.33,"2023 may.xlsx","old_state",5,"2023-05",2
21,"MAHARASHTRA",2023-06-01,2023,1958.64,20.98,274244.34,18.59,"2023 june.xlsx","old_state",6,"2023-06",3
21,"MAHARASHTRA",2023-07-01,2023,2034.12,20.41,278351.31,18.15,"2023 july.xlsx","old_state",7,"2023-07",4
21,"MAHARASHTRA",2023-08-01,2023,2119.31,20.02,282946.53,17.95,"2023 aug.xlsx","old_state",8,"2023-08",5
21,"MAHARASHTRA",2023-09-01,2023,2156.02,20.43,286792.45,18.16,"2023 sept.xlsx","old_state",9,"2023-09",6
21,"MAHARASHTRA",2023-10-01,2023,2225.55,19.51,297168.32,17.32,"2023 oct.xlsx","old_state",10,"2023-10",7
21,"MAHARASHTRA",2023-11-01,2023,2083.44,18.54,289387.43,16.63,"2023 nov.xlsx","old_state",11,"2023-11",8
21,"MAHARASHTRA",2023-12-01,2023,1746.49,14.53,229753.56,12.6,"2023 dec.xlsx","old_state",12,"2023-12",9
21,"MAHARASHTRA",2024-01-01,2024,1729.3,14.17,230102.34,12.5,"2024 jan.xlsx","old_state",1,"2024-01",10
21,"MAHARASHTRA",2024-02-01,2024,1738.47,14.36,231170.06,12.65,"2024 feb.xlsx","old_state",2,"2024-02",11
21,"MAHARASHTRA",2024-03-01,2024,1826.53,13.59,250484.52,12.66,"2024 mar.xlsx","old_state",3,"2024-03",12
21,"MAHARASHTRA",2024-04-01,2024,1779.25,13.37,245463.14,12.5,"2024 apr.xlsx","old_state",4,"2024-04",13
21,"MAHARASHTRA",2024-05-01,2024,1857.65,13.24,253405.96,12.39,"2024 may.xlsx","old_state",5,"2024-05",14
21,"MAHARASHTRA",2024-06-01,2024,1827.94,13.16,252008.51,12.56,"2024 jun.xlsx","old_state",6,"2024-06",15
21,"MAHARASHTRA",2024-07-01,2024,1855.4,12.85,249506.36,12.09,"2024 july.xlsx","old_state",7,"2024-07",16
21,"MAHARASHTRA",2024-08-01,2024,1884.85,12.6,236602.01,11.48,"2024 aug.xlsx","old_state",8,"2024-08",17
21,"MAHARASHTRA",2024-09-01,2024,1921.65,12.78,236569.03,11.46,"2024 sept.xlsx","old_state",9,"2024-09",18
21,"MAHARASHTRA",2024-10-01,2024,2179.81,13.14,281102.94,11.96,"2024 oct.xlsx","old_state",10,"2024-10",19
21,"MAHARASHTRA",2024-11-01,2024,1967.07,12.71,243220.45,11.29,"2024 nov.xlsx","old_state",11,"2024-11",20
21,"MAHARASHTRA",2024-12-01,2024,2231,13.34,273245.11,11.75,"2024 dec.xlsx","old_state",12,"2024-12",21
21,"MAHARASHTRA",2025-01-01,2025,2126.33,12.51,252411,10.75,"2025 jan.xlsx","old_state",1,"2025-01",22
21,"MAHARASHTRA",2025-02-01,2025,1892.66,11.75,219913.73,10.01,"2025 feb.xlsx","old_state",2,"2025-02",23
21,"MAHARASHTRA",2025-03-01,2025,2195.56,12,254485.23,10.27,"2025 mar.xlsx","old_state",3,"2025-03",24
21,"MAHARASHTRA",2025-04-01,2025,2382.34,13.31,278375.41,11.62,"2025 apr.xlsx","old_state",4,"2025-04",25
21,"MAHARASHTRA",2025-05-01,2025,2463.88,13.19,297260.99,11.82,"2025 may.xlsx","old_state",5,"2025-05",26
21,"MAHARASHTRA",2025-06-01,2025,1741.88,9.47,211433.62,8.8,"2025 jun.xlsx","old_state",6,"2025-06",27
21,"MAHARASHTRA",2025-07-01,2025,1905.45,9.79,230572.42,9.19,"2025 july.xlsx","old_state",7,"2025-07",28
21,"MAHARASHTRA",2025-08-01,2025,1985.58,9.92,232558.18,9.36,"2025 aug.xlsx","old_state",8,"2025-08",29
21,"MAHARASHTRA",2025-09-01,2025,1973.44,10.05,236052.07,9.48,"2025 sept.xlsx","old_state",9,"2025-09",30
21,"MAHARASHTRA",2025-10-01,2025,2146.3,10.37,267656.87,9.81,"2025 oct.xlsx","old_state",10,"2025-10",31
21,"MAHARASHTRA",2025-11-01,2025,2152.82,10.52,250787.01,9.53,"2025 nov.xlsx","old_state",11,"2025-11",32
21,"MAHARASHTRA",2025-12-01,2025,2349.39,10.86,263704.89,9.43,"2025 dec.xlsx","old_state",12,"2025-12",33
21,"MAHARASHTRA",2026-01-01,2026,2271.25,10.46,267028.17,9.42,"2026 jan.xlsx","old_state",1,"2026-01",34
21,"MAHARASHTRA",2026-02-01,2026,2058.36,10.09,246952.4,9.2,"2026 feb.xlsx","old_state",2,"2026-02",35
21,"MAHARASHTRA",2026-03-01,2026,2263.24,10,276685.31,9.37,"2026 mar.xlsx","new_district_total",3,"2026-03",36
21,"MAHARASHTRA",2026-04-01,2026,2228.78,9.84,268929.63,9.11,"2026 apr.xlsx","new_district_total",4,"2026-04",37
21,"MAHARASHTRA",2026-05-01,2026,2266.63,9.63,275205.41,9.11,"2026 may.xlsx","new_district_total",5,"2026-05",38
21,"MAHARASHTRA",2026-06-01,2026,2221.42,9.78,267412.66,9.25,"2026 jun.xlsx","new_district_total",6,"2026-06",39
22,"MANIPUR",2023-04-01,2023,8.19,0.09,2155.67,0.15,"2023 apr.xlsx","old_state",4,"2023-04",1
22,"MANIPUR",2023-05-01,2023,2.7,0.03,669.27,0.04,"2023 may.xlsx","old_state",5,"2023-05",2
22,"MANIPUR",2023-06-01,2023,1.9,0.02,497.29,0.03,"2023 june.xlsx","old_state",6,"2023-06",3
22,"MANIPUR",2023-07-01,2023,1.59,0.02,475.02,0.03,"2023 july.xlsx","old_state",7,"2023-07",4
22,"MANIPUR",2023-08-01,2023,2.29,0.02,770.73,0.05,"2023 aug.xlsx","old_state",8,"2023-08",5
22,"MANIPUR",2023-09-01,2023,3.53,0.03,1069.54,0.07,"2023 sept.xlsx","old_state",9,"2023-09",6
22,"MANIPUR",2023-10-01,2023,4.09,0.04,1333.58,0.08,"2023 oct.xlsx","old_state",10,"2023-10",7
22,"MANIPUR",2023-11-01,2023,4.29,0.04,1434.65,0.08,"2023 nov.xlsx","old_state",11,"2023-11",8
22,"MANIPUR",2023-12-01,2023,5.71,0.05,1630.29,0.09,"2023 dec.xlsx","old_state",12,"2023-12",9
22,"MANIPUR",2024-01-01,2024,6.47,0.05,1730.66,0.09,"2024 jan.xlsx","old_state",1,"2024-01",10
22,"MANIPUR",2024-02-01,2024,6.41,0.05,1756.54,0.1,"2024 feb.xlsx","old_state",2,"2024-02",11
22,"MANIPUR",2024-03-01,2024,8.53,0.06,2149.56,0.11,"2024 mar.xlsx","old_state",3,"2024-03",12
22,"MANIPUR",2024-04-01,2024,8.62,0.06,2111.38,0.11,"2024 apr.xlsx","old_state",4,"2024-04",13
22,"MANIPUR",2024-05-01,2024,8.71,0.06,2161.9,0.11,"2024 may.xlsx","old_state",5,"2024-05",14
22,"MANIPUR",2024-06-01,2024,9.04,0.07,2164.6,0.11,"2024 jun.xlsx","old_state",6,"2024-06",15
22,"MANIPUR",2024-07-01,2024,9.74,0.07,2258.33,0.11,"2024 july.xlsx","old_state",7,"2024-07",16
22,"MANIPUR",2024-08-01,2024,9.73,0.06,2194.45,0.11,"2024 aug.xlsx","old_state",8,"2024-08",17
22,"MANIPUR",2024-09-01,2024,8.17,0.05,1910.52,0.09,"2024 sept.xlsx","old_state",9,"2024-09",18
22,"MANIPUR",2024-10-01,2024,10.71,0.06,2472.36,0.11,"2024 oct.xlsx","old_state",10,"2024-10",19
22,"MANIPUR",2024-11-01,2024,7.88,0.05,1952.61,0.09,"2024 nov.xlsx","old_state",11,"2024-11",20
22,"MANIPUR",2024-12-01,2024,9.68,0.06,2442.36,0.11,"2024 dec.xlsx","old_state",12,"2024-12",21
22,"MANIPUR",2025-01-01,2025,11.37,0.07,2648.55,0.11,"2025 jan.xlsx","old_state",1,"2025-01",22
22,"MANIPUR",2025-02-01,2025,10.19,0.06,2353.44,0.11,"2025 feb.xlsx","old_state",2,"2025-02",23
22,"MANIPUR",2025-03-01,2025,12.02,0.07,2655.73,0.11,"2025 mar.xlsx","old_state",3,"2025-03",24
22,"MANIPUR",2025-04-01,2025,13.51,0.08,2844.24,0.12,"2025 apr.xlsx","old_state",4,"2025-04",25
22,"MANIPUR",2025-05-01,2025,15.37,0.08,3092.24,0.12,"2025 may.xlsx","old_state",5,"2025-05",26
22,"MANIPUR",2025-06-01,2025,10.79,0.06,2212.05,0.09,"2025 jun.xlsx","old_state",6,"2025-06",27
22,"MANIPUR",2025-07-01,2025,14.39,0.07,2877.94,0.11,"2025 july.xlsx","old_state",7,"2025-07",28
22,"MANIPUR",2025-08-01,2025,14.85,0.07,2861.63,0.12,"2025 aug.xlsx","old_state",8,"2025-08",29
22,"MANIPUR",2025-09-01,2025,14.71,0.07,2876.08,0.12,"2025 sept.xlsx","old_state",9,"2025-09",30
22,"MANIPUR",2025-10-01,2025,16.17,0.08,3286.9,0.12,"2025 oct.xlsx","old_state",10,"2025-10",31
22,"MANIPUR",2025-11-01,2025,15.77,0.08,3133.61,0.12,"2025 nov.xlsx","old_state",11,"2025-11",32
22,"MANIPUR",2025-12-01,2025,17.44,0.08,3504.46,0.13,"2025 dec.xlsx","old_state",12,"2025-12",33
22,"MANIPUR",2026-01-01,2026,16.89,0.08,3378.44,0.12,"2026 jan.xlsx","old_state",1,"2026-01",34
22,"MANIPUR",2026-02-01,2026,15.87,0.08,3222.71,0.12,"2026 feb.xlsx","old_state",2,"2026-02",35
22,"MANIPUR",2026-03-01,2026,17.36,0.08,3353.62,0.11,"2026 mar.xlsx","new_district_total",3,"2026-03",36
22,"MANIPUR",2026-04-01,2026,13.44,0.06,2886.67,0.1,"2026 apr.xlsx","new_district_total",4,"2026-04",37
22,"MANIPUR",2026-05-01,2026,18.17,0.08,3463.95,0.11,"2026 may.xlsx","new_district_total",5,"2026-05",38
22,"MANIPUR",2026-06-01,2026,17.95,0.08,3268.34,0.11,"2026 jun.xlsx","new_district_total",6,"2026-06",39
23,"MEGHALAYA",2023-04-01,2023,4.26,0.05,852.3,0.06,"2023 apr.xlsx","old_state",4,"2023-04",1
23,"MEGHALAYA",2023-05-01,2023,4.4,0.05,839.74,0.06,"2023 may.xlsx","old_state",5,"2023-05",2
23,"MEGHALAYA",2023-06-01,2023,4.22,0.05,811.42,0.05,"2023 june.xlsx","old_state",6,"2023-06",3
23,"MEGHALAYA",2023-07-01,2023,5.11,0.05,950.01,0.06,"2023 july.xlsx","old_state",7,"2023-07",4
23,"MEGHALAYA",2023-08-01,2023,6.11,0.06,1098.18,0.07,"2023 aug.xlsx","old_state",8,"2023-08",5
23,"MEGHALAYA",2023-09-01,2023,5.41,0.05,959.02,0.06,"2023 sept.xlsx","old_state",9,"2023-09",6
23,"MEGHALAYA",2023-10-01,2023,5.93,0.05,1063.95,0.06,"2023 oct.xlsx","old_state",10,"2023-10",7
23,"MEGHALAYA",2023-11-01,2023,6.55,0.06,1169.9,0.07,"2023 nov.xlsx","old_state",11,"2023-11",8
23,"MEGHALAYA",2023-12-01,2023,7.04,0.06,1341.47,0.07,"2023 dec.xlsx","old_state",12,"2023-12",9
23,"MEGHALAYA",2024-01-01,2024,6.53,0.05,1178.38,0.06,"2024 jan.xlsx","old_state",1,"2024-01",10
23,"MEGHALAYA",2024-02-01,2024,7.73,0.06,1350.39,0.07,"2024 feb.xlsx","old_state",2,"2024-02",11
23,"MEGHALAYA",2024-03-01,2024,9.6,0.07,1527.77,0.08,"2024 mar.xlsx","old_state",3,"2024-03",12
23,"MEGHALAYA",2024-04-01,2024,9.69,0.07,1479.23,0.08,"2024 apr.xlsx","old_state",4,"2024-04",13
23,"MEGHALAYA",2024-05-01,2024,10.73,0.08,1563.37,0.08,"2024 may.xlsx","old_state",5,"2024-05",14
23,"MEGHALAYA",2024-06-01,2024,10.72,0.08,1500.13,0.07,"2024 jun.xlsx","old_state",6,"2024-06",15
23,"MEGHALAYA",2024-07-01,2024,11.17,0.08,1574.17,0.08,"2024 july.xlsx","old_state",7,"2024-07",16
23,"MEGHALAYA",2024-08-01,2024,9.89,0.07,1454.13,0.07,"2024 aug.xlsx","old_state",8,"2024-08",17
23,"MEGHALAYA",2024-09-01,2024,10.49,0.07,1520.91,0.07,"2024 sept.xlsx","old_state",9,"2024-09",18
23,"MEGHALAYA",2024-10-01,2024,11.17,0.07,1637.22,0.07,"2024 oct.xlsx","old_state",10,"2024-10",19
23,"MEGHALAYA",2024-11-01,2024,12.36,0.08,1769.21,0.08,"2024 nov.xlsx","old_state",11,"2024-11",20
23,"MEGHALAYA",2024-12-01,2024,14.09,0.08,2184.57,0.09,"2024 dec.xlsx","old_state",12,"2024-12",21
23,"MEGHALAYA",2025-01-01,2025,10.99,0.06,1672.86,0.07,"2025 jan.xlsx","old_state",1,"2025-01",22
23,"MEGHALAYA",2025-02-01,2025,10.88,0.07,1615.02,0.07,"2025 feb.xlsx","old_state",2,"2025-02",23
23,"MEGHALAYA",2025-03-01,2025,13.07,0.07,1880.92,0.08,"2025 mar.xlsx","old_state",3,"2025-03",24
23,"MEGHALAYA",2025-04-01,2025,14.32,0.08,1971.84,0.08,"2025 apr.xlsx","old_state",4,"2025-04",25
23,"MEGHALAYA",2025-05-01,2025,16.86,0.09,2289.9,0.09,"2025 may.xlsx","old_state",5,"2025-05",26
23,"MEGHALAYA",2025-06-01,2025,13.25,0.07,1743.02,0.07,"2025 jun.xlsx","old_state",6,"2025-06",27
23,"MEGHALAYA",2025-07-01,2025,15.5,0.08,2093.59,0.08,"2025 july.xlsx","old_state",7,"2025-07",28
23,"MEGHALAYA",2025-08-01,2025,15.91,0.08,2008.23,0.08,"2025 aug.xlsx","old_state",8,"2025-08",29
23,"MEGHALAYA",2025-09-01,2025,15.56,0.08,2043.82,0.08,"2025 sept.xlsx","old_state",9,"2025-09",30
23,"MEGHALAYA",2025-10-01,2025,16.36,0.08,2185.06,0.08,"2025 oct.xlsx","old_state",10,"2025-10",31
23,"MEGHALAYA",2025-11-01,2025,16.85,0.08,2294.28,0.09,"2025 nov.xlsx","old_state",11,"2025-11",32
23,"MEGHALAYA",2025-12-01,2025,18.22,0.08,2509.94,0.09,"2025 dec.xlsx","old_state",12,"2025-12",33
23,"MEGHALAYA",2026-01-01,2026,15.75,0.07,2068.07,0.07,"2026 jan.xlsx","old_state",1,"2026-01",34
23,"MEGHALAYA",2026-02-01,2026,15.94,0.08,2062.73,0.08,"2026 feb.xlsx","old_state",2,"2026-02",35
23,"MEGHALAYA",2026-03-01,2026,17.55,0.08,2228.43,0.08,"2026 mar.xlsx","new_district_total",3,"2026-03",36
23,"MEGHALAYA",2026-04-01,2026,18.16,0.08,2222.38,0.08,"2026 apr.xlsx","new_district_total",4,"2026-04",37
23,"MEGHALAYA",2026-05-01,2026,19.77,0.08,2339.95,0.08,"2026 may.xlsx","new_district_total",5,"2026-05",38
23,"MEGHALAYA",2026-06-01,2026,19.12,0.08,2254.97,0.08,"2026 jun.xlsx","new_district_total",6,"2026-06",39
24,"MIZORAM",2023-04-01,2023,3.25,0.04,774.43,0.05,"2023 apr.xlsx","old_state",4,"2023-04",1
24,"MIZORAM",2023-05-01,2023,3.75,0.04,910.78,0.06,"2023 may.xlsx","old_state",5,"2023-05",2
24,"MIZORAM",2023-06-01,2023,3.74,0.04,905.89,0.06,"2023 june.xlsx","old_state",6,"2023-06",3
24,"MIZORAM",2023-07-01,2023,4.03,0.04,923.43,0.06,"2023 july.xlsx","old_state",7,"2023-07",4
24,"MIZORAM",2023-08-01,2023,4.27,0.04,939.12,0.06,"2023 aug.xlsx","old_state",8,"2023-08",5
24,"MIZORAM",2023-09-01,2023,4.6,0.04,1000.59,0.06,"2023 sept.xlsx","old_state",9,"2023-09",6
24,"MIZORAM",2023-10-01,2023,4.87,0.04,1067.95,0.06,"2023 oct.xlsx","old_state",10,"2023-10",7
24,"MIZORAM",2023-11-01,2023,5.4,0.05,1170.88,0.07,"2023 nov.xlsx","old_state",11,"2023-11",8
24,"MIZORAM",2023-12-01,2023,5.49,0.05,1217.18,0.07,"2023 dec.xlsx","old_state",12,"2023-12",9
24,"MIZORAM",2024-01-01,2024,5.23,0.04,1092.04,0.06,"2024 jan.xlsx","old_state",1,"2024-01",10
24,"MIZORAM",2024-02-01,2024,5.98,0.05,1229.93,0.07,"2024 feb.xlsx","old_state",2,"2024-02",11
24,"MIZORAM",2024-03-01,2024,6.53,0.05,1328.97,0.07,"2024 mar.xlsx","old_state",3,"2024-03",12
24,"MIZORAM",2024-04-01,2024,6.67,0.05,1282.48,0.07,"2024 apr.xlsx","old_state",4,"2024-04",13
24,"MIZORAM",2024-05-01,2024,7.11,0.05,1378.69,0.07,"2024 may.xlsx","old_state",5,"2024-05",14
24,"MIZORAM",2024-06-01,2024,7.02,0.05,1313.47,0.07,"2024 jun.xlsx","old_state",6,"2024-06",15
24,"MIZORAM",2024-07-01,2024,7.21,0.05,1298.71,0.06,"2024 july.xlsx","old_state",7,"2024-07",16
24,"MIZORAM",2024-08-01,2024,7.22,0.05,1281.44,0.06,"2024 aug.xlsx","old_state",8,"2024-08",17
24,"MIZORAM",2024-09-01,2024,7.35,0.05,1279.85,0.06,"2024 sept.xlsx","old_state",9,"2024-09",18
24,"MIZORAM",2024-10-01,2024,8.29,0.05,1434.5,0.06,"2024 oct.xlsx","old_state",10,"2024-10",19
24,"MIZORAM",2024-11-01,2024,9.03,0.06,1574.35,0.07,"2024 nov.xlsx","old_state",11,"2024-11",20
24,"MIZORAM",2024-12-01,2024,9.49,0.06,1711.09,0.07,"2024 dec.xlsx","old_state",12,"2024-12",21
24,"MIZORAM",2025-01-01,2025,8.72,0.05,1467.61,0.06,"2025 jan.xlsx","old_state",1,"2025-01",22
24,"MIZORAM",2025-02-01,2025,8.6,0.05,1449.75,0.07,"2025 feb.xlsx","old_state",2,"2025-02",23
24,"MIZORAM",2025-03-01,2025,10.02,0.05,1681.13,0.07,"2025 mar.xlsx","old_state",3,"2025-03",24
24,"MIZORAM",2025-04-01,2025,9.76,0.05,1555.83,0.06,"2025 apr.xlsx","old_state",4,"2025-04",25
24,"MIZORAM",2025-05-01,2025,10.92,0.06,1750.44,0.07,"2025 may.xlsx","old_state",5,"2025-05",26
24,"MIZORAM",2025-06-01,2025,9.9,0.05,1501.27,0.06,"2025 jun.xlsx","old_state",6,"2025-06",27
24,"MIZORAM",2025-07-01,2025,11.46,0.06,1702.6,0.07,"2025 july.xlsx","old_state",7,"2025-07",28
24,"MIZORAM",2025-08-01,2025,11.86,0.06,1704.97,0.07,"2025 aug.xlsx","old_state",8,"2025-08",29
24,"MIZORAM",2025-09-01,2025,12.4,0.06,1801.33,0.07,"2025 sept.xlsx","old_state",9,"2025-09",30
24,"MIZORAM",2025-10-01,2025,13.7,0.07,1971.75,0.07,"2025 oct.xlsx","old_state",10,"2025-10",31
24,"MIZORAM",2025-11-01,2025,13.33,0.07,2021.97,0.08,"2025 nov.xlsx","old_state",11,"2025-11",32
24,"MIZORAM",2025-12-01,2025,14.82,0.07,2281.39,0.08,"2025 dec.xlsx","old_state",12,"2025-12",33
24,"MIZORAM",2026-01-01,2026,13.04,0.06,1900.16,0.07,"2026 jan.xlsx","old_state",1,"2026-01",34
24,"MIZORAM",2026-02-01,2026,13.08,0.06,1948.02,0.07,"2026 feb.xlsx","old_state",2,"2026-02",35
24,"MIZORAM",2026-03-01,2026,14.58,0.06,2151.35,0.07,"2026 mar.xlsx","new_district_total",3,"2026-03",36
24,"MIZORAM",2026-04-01,2026,14.3,0.06,2012.16,0.07,"2026 apr.xlsx","new_district_total",4,"2026-04",37
24,"MIZORAM",2026-05-01,2026,15.28,0.06,2157.1,0.07,"2026 may.xlsx","new_district_total",5,"2026-05",38
24,"MIZORAM",2026-06-01,2026,15.16,0.07,2097.27,0.07,"2026 jun.xlsx","new_district_total",6,"2026-06",39
25,"NAGALAND",2023-04-01,2023,3.64,0.04,982.4,0.07,"2023 apr.xlsx","old_state",4,"2023-04",1
25,"NAGALAND",2023-05-01,2023,4.07,0.04,1045.51,0.07,"2023 may.xlsx","old_state",5,"2023-05",2
25,"NAGALAND",2023-06-01,2023,5.03,0.05,1176.33,0.08,"2023 june.xlsx","old_state",6,"2023-06",3
25,"NAGALAND",2023-07-01,2023,5.14,0.05,1204.72,0.08,"2023 july.xlsx","old_state",7,"2023-07",4
25,"NAGALAND",2023-08-01,2023,5.5,0.05,1245.07,0.08,"2023 aug.xlsx","old_state",8,"2023-08",5
25,"NAGALAND",2023-09-01,2023,5.64,0.05,1240.15,0.08,"2023 sept.xlsx","old_state",9,"2023-09",6
25,"NAGALAND",2023-10-01,2023,6.03,0.05,1350.3,0.08,"2023 oct.xlsx","old_state",10,"2023-10",7
25,"NAGALAND",2023-11-01,2023,5.82,0.05,1349.79,0.08,"2023 nov.xlsx","old_state",11,"2023-11",8
25,"NAGALAND",2023-12-01,2023,5.56,0.05,1401.33,0.08,"2023 dec.xlsx","old_state",12,"2023-12",9
25,"NAGALAND",2024-01-01,2024,5.33,0.04,1259.1,0.07,"2024 jan.xlsx","old_state",1,"2024-01",10
25,"NAGALAND",2024-02-01,2024,6.17,0.05,1402.9,0.08,"2024 feb.xlsx","old_state",2,"2024-02",11
25,"NAGALAND",2024-03-01,2024,8,0.06,1688.06,0.09,"2024 mar.xlsx","old_state",3,"2024-03",12
25,"NAGALAND",2024-04-01,2024,8.16,0.06,1632.88,0.08,"2024 apr.xlsx","old_state",4,"2024-04",13
25,"NAGALAND",2024-05-01,2024,9.68,0.07,1838.71,0.09,"2024 may.xlsx","old_state",5,"2024-05",14
25,"NAGALAND",2024-06-01,2024,9.46,0.07,1682.06,0.08,"2024 jun.xlsx","old_state",6,"2024-06",15
25,"NAGALAND",2024-07-01,2024,10.11,0.07,1738.49,0.08,"2024 july.xlsx","old_state",7,"2024-07",16
25,"NAGALAND",2024-08-01,2024,8.77,0.06,1564.87,0.08,"2024 aug.xlsx","old_state",8,"2024-08",17
25,"NAGALAND",2024-09-01,2024,8.16,0.05,1468.38,0.07,"2024 sept.xlsx","old_state",9,"2024-09",18
25,"NAGALAND",2024-10-01,2024,10.07,0.06,1737.54,0.07,"2024 oct.xlsx","old_state",10,"2024-10",19
25,"NAGALAND",2024-11-01,2024,10.26,0.07,1791.99,0.08,"2024 nov.xlsx","old_state",11,"2024-11",20
25,"NAGALAND",2024-12-01,2024,10.99,0.07,2024.3,0.09,"2024 dec.xlsx","old_state",12,"2024-12",21
25,"NAGALAND",2025-01-01,2025,9.03,0.05,1636.33,0.07,"2025 jan.xlsx","old_state",1,"2025-01",22
25,"NAGALAND",2025-02-01,2025,8.57,0.05,1502.04,0.07,"2025 feb.xlsx","old_state",2,"2025-02",23
25,"NAGALAND",2025-03-01,2025,9.97,0.05,1726.32,0.07,"2025 mar.xlsx","old_state",3,"2025-03",24
25,"NAGALAND",2025-04-01,2025,10.89,0.06,1769.78,0.07,"2025 apr.xlsx","old_state",4,"2025-04",25
25,"NAGALAND",2025-05-01,2025,12.5,0.07,1943.79,0.08,"2025 may.xlsx","old_state",5,"2025-05",26
25,"NAGALAND",2025-06-01,2025,10.09,0.05,1506.22,0.06,"2025 jun.xlsx","old_state",6,"2025-06",27
25,"NAGALAND",2025-07-01,2025,11.8,0.06,1754.04,0.07,"2025 july.xlsx","old_state",7,"2025-07",28
25,"NAGALAND",2025-08-01,2025,12.24,0.06,1752.82,0.07,"2025 aug.xlsx","old_state",8,"2025-08",29
25,"NAGALAND",2025-09-01,2025,12.21,0.06,1786.09,0.07,"2025 sept.xlsx","old_state",9,"2025-09",30
25,"NAGALAND",2025-10-01,2025,12.84,0.06,1907.98,0.07,"2025 oct.xlsx","old_state",10,"2025-10",31
25,"NAGALAND",2025-11-01,2025,12.99,0.06,2000.56,0.08,"2025 nov.xlsx","old_state",11,"2025-11",32
25,"NAGALAND",2025-12-01,2025,13.85,0.06,2243.67,0.08,"2025 dec.xlsx","old_state",12,"2025-12",33
25,"NAGALAND",2026-01-01,2026,12.33,0.06,1929.86,0.07,"2026 jan.xlsx","old_state",1,"2026-01",34
25,"NAGALAND",2026-02-01,2026,12.15,0.06,1865.55,0.07,"2026 feb.xlsx","old_state",2,"2026-02",35
25,"NAGALAND",2026-03-01,2026,13.9,0.06,2092.04,0.07,"2026 mar.xlsx","new_district_total",3,"2026-03",36
25,"NAGALAND",2026-04-01,2026,13.73,0.06,1999.31,0.07,"2026 apr.xlsx","new_district_total",4,"2026-04",37
25,"NAGALAND",2026-05-01,2026,14.68,0.06,2056.06,0.07,"2026 may.xlsx","new_district_total",5,"2026-05",38
25,"NAGALAND",2026-06-01,2026,14.42,0.06,2003.89,0.07,"2026 jun.xlsx","new_district_total",6,"2026-06",39
26,"ODISHA",2023-04-01,2023,184.79,2.08,28296.73,2,"2023 apr.xlsx","old_state",4,"2023-04",1
26,"ODISHA",2023-05-01,2023,198.14,2.1,30136.96,2.02,"2023 may.xlsx","old_state",5,"2023-05",2
26,"ODISHA",2023-06-01,2023,197.7,2.12,30051.56,2.04,"2023 june.xlsx","old_state",6,"2023-06",3
26,"ODISHA",2023-07-01,2023,208.06,2.09,31154.66,2.03,"2023 july.xlsx","old_state",7,"2023-07",4
26,"ODISHA",2023-08-01,2023,220.05,2.08,30594.38,1.94,"2023 aug.xlsx","old_state",8,"2023-08",5
26,"ODISHA",2023-09-01,2023,224.43,2.13,31146.94,1.97,"2023 sept.xlsx","old_state",9,"2023-09",6
26,"ODISHA",2023-10-01,2023,243.43,2.13,34574.49,2.02,"2023 oct.xlsx","old_state",10,"2023-10",7
26,"ODISHA",2023-11-01,2023,244.19,2.17,34247.19,1.97,"2023 nov.xlsx","old_state",11,"2023-11",8
26,"ODISHA",2023-12-01,2023,239.01,1.99,34650.83,1.9,"2023 dec.xlsx","old_state",12,"2023-12",9
26,"ODISHA",2024-01-01,2024,259.26,2.12,37962.41,2.06,"2024 jan.xlsx","old_state",1,"2024-01",10
26,"ODISHA",2024-02-01,2024,277.08,2.29,40959.41,2.24,"2024 feb.xlsx","old_state",2,"2024-02",11
26,"ODISHA",2024-03-01,2024,310,2.31,43820.87,2.22,"2024 mar.xlsx","old_state",3,"2024-03",12
26,"ODISHA",2024-04-01,2024,295.47,2.22,40347.56,2.05,"2024 apr.xlsx","old_state",4,"2024-04",13
26,"ODISHA",2024-05-01,2024,311.37,2.22,42185,2.06,"2024 may.xlsx","old_state",5,"2024-05",14
26,"ODISHA",2024-06-01,2024,311.53,2.24,41961.3,2.09,"2024 jun.xlsx","old_state",6,"2024-06",15
26,"ODISHA",2024-07-01,2024,320.19,2.22,43116.58,2.09,"2024 july.xlsx","old_state",7,"2024-07",16
26,"ODISHA",2024-08-01,2024,318.71,2.13,39936.62,1.94,"2024 aug.xlsx","old_state",8,"2024-08",17
26,"ODISHA",2024-09-01,2024,330.33,2.2,40771.74,1.98,"2024 sept.xlsx","old_state",9,"2024-09",18
26,"ODISHA",2024-10-01,2024,356.17,2.15,45861.83,1.95,"2024 oct.xlsx","old_state",10,"2024-10",19
26,"ODISHA",2024-11-01,2024,354.18,2.29,44116.28,2.05,"2024 nov.xlsx","old_state",11,"2024-11",20
26,"ODISHA",2024-12-01,2024,375.25,2.24,47492.3,2.04,"2024 dec.xlsx","old_state",12,"2024-12",21
26,"ODISHA",2025-01-01,2025,302.73,1.78,41451,1.77,"2025 jan.xlsx","old_state",1,"2025-01",22
26,"ODISHA",2025-02-01,2025,249.75,1.55,34812.97,1.58,"2025 feb.xlsx","old_state",2,"2025-02",23
26,"ODISHA",2025-03-01,2025,281.28,1.54,38771.5,1.57,"2025 mar.xlsx","old_state",3,"2025-03",24
26,"ODISHA",2025-04-01,2025,362.01,2.02,44717.27,1.87,"2025 apr.xlsx","old_state",4,"2025-04",25
26,"ODISHA",2025-05-01,2025,416.5,2.23,52003.42,2.07,"2025 may.xlsx","old_state",5,"2025-05",26
26,"ODISHA",2025-06-01,2025,247.92,1.35,31882.11,1.33,"2025 jun.xlsx","old_state",6,"2025-06",27
26,"ODISHA",2025-07-01,2025,263.74,1.35,33890.22,1.35,"2025 july.xlsx","old_state",7,"2025-07",28
26,"ODISHA",2025-08-01,2025,277.85,1.39,34040.3,1.37,"2025 aug.xlsx","old_state",8,"2025-08",29
26,"ODISHA",2025-09-01,2025,269.19,1.37,34741.86,1.4,"2025 sept.xlsx","old_state",9,"2025-09",30
26,"ODISHA",2025-10-01,2025,283.56,1.37,36507.19,1.34,"2025 oct.xlsx","old_state",10,"2025-10",31
26,"ODISHA",2025-11-01,2025,288.64,1.41,36149.1,1.37,"2025 nov.xlsx","old_state",11,"2025-11",32
26,"ODISHA",2025-12-01,2025,304.59,1.41,39185.24,1.4,"2025 dec.xlsx","old_state",12,"2025-12",33
26,"ODISHA",2026-01-01,2026,311.05,1.43,41468.18,1.46,"2026 jan.xlsx","old_state",1,"2026-01",34
26,"ODISHA",2026-02-01,2026,290.5,1.42,40376.19,1.5,"2026 feb.xlsx","old_state",2,"2026-02",35
26,"ODISHA",2026-03-01,2026,322.97,1.43,44550.94,1.51,"2026 mar.xlsx","new_district_total",3,"2026-03",36
26,"ODISHA",2026-04-01,2026,309.67,1.37,41086.24,1.39,"2026 apr.xlsx","new_district_total",4,"2026-04",37
26,"ODISHA",2026-05-01,2026,316.35,1.34,41536.28,1.38,"2026 may.xlsx","new_district_total",5,"2026-05",38
26,"ODISHA",2026-06-01,2026,305.71,1.35,40134.36,1.39,"2026 jun.xlsx","new_district_total",6,"2026-06",39
27,"PUDUCHERRY",2023-04-01,2023,9.52,0.11,1432.15,0.1,"2023 apr.xlsx","old_state",4,"2023-04",1
27,"PUDUCHERRY",2023-05-01,2023,10.06,0.11,1508.72,0.1,"2023 may.xlsx","old_state",5,"2023-05",2
27,"PUDUCHERRY",2023-06-01,2023,10.24,0.11,1551.66,0.11,"2023 june.xlsx","old_state",6,"2023-06",3
27,"PUDUCHERRY",2023-07-01,2023,11.1,0.11,1653.48,0.11,"2023 july.xlsx","old_state",7,"2023-07",4
27,"PUDUCHERRY",2023-08-01,2023,11.56,0.11,1708.52,0.11,"2023 aug.xlsx","old_state",8,"2023-08",5
27,"PUDUCHERRY",2023-09-01,2023,11.4,0.11,1688.3,0.11,"2023 sept.xlsx","old_state",9,"2023-09",6
27,"PUDUCHERRY",2023-10-01,2023,12.31,0.11,1767.06,0.1,"2023 oct.xlsx","old_state",10,"2023-10",7
27,"PUDUCHERRY",2023-11-01,2023,11.83,0.11,1749,0.1,"2023 nov.xlsx","old_state",11,"2023-11",8
27,"PUDUCHERRY",2023-12-01,2023,12.87,0.11,1834.69,0.1,"2023 dec.xlsx","old_state",12,"2023-12",9
27,"PUDUCHERRY",2024-01-01,2024,13.25,0.11,1889.21,0.1,"2024 jan.xlsx","old_state",1,"2024-01",10
27,"PUDUCHERRY",2024-02-01,2024,13.58,0.11,1962.33,0.11,"2024 feb.xlsx","old_state",2,"2024-02",11
27,"PUDUCHERRY",2024-03-01,2024,14.54,0.11,2067.05,0.1,"2024 mar.xlsx","old_state",3,"2024-03",12
27,"PUDUCHERRY",2024-04-01,2024,14.08,0.11,2006.9,0.1,"2024 apr.xlsx","old_state",4,"2024-04",13
27,"PUDUCHERRY",2024-05-01,2024,15.09,0.11,2147.5,0.11,"2024 may.xlsx","old_state",5,"2024-05",14
27,"PUDUCHERRY",2024-06-01,2024,14.97,0.11,2128.41,0.11,"2024 jun.xlsx","old_state",6,"2024-06",15
27,"PUDUCHERRY",2024-07-01,2024,15.23,0.11,2149.67,0.1,"2024 july.xlsx","old_state",7,"2024-07",16
27,"PUDUCHERRY",2024-08-01,2024,15.12,0.1,2135.31,0.1,"2024 aug.xlsx","old_state",8,"2024-08",17
27,"PUDUCHERRY",2024-09-01,2024,14.88,0.1,2074.71,0.1,"2024 sept.xlsx","old_state",9,"2024-09",18
27,"PUDUCHERRY",2024-10-01,2024,16.19,0.1,2271.73,0.1,"2024 oct.xlsx","old_state",10,"2024-10",19
27,"PUDUCHERRY",2024-11-01,2024,15.08,0.1,2069.73,0.1,"2024 nov.xlsx","old_state",11,"2024-11",20
27,"PUDUCHERRY",2024-12-01,2024,16.13,0.1,2217.22,0.1,"2024 dec.xlsx","old_state",12,"2024-12",21
27,"PUDUCHERRY",2025-01-01,2025,16.83,0.1,2360.06,0.1,"2025 jan.xlsx","old_state",1,"2025-01",22
27,"PUDUCHERRY",2025-02-01,2025,15.15,0.09,2116.13,0.1,"2025 feb.xlsx","old_state",2,"2025-02",23
27,"PUDUCHERRY",2025-03-01,2025,16.94,0.09,2340.69,0.09,"2025 mar.xlsx","old_state",3,"2025-03",24
27,"PUDUCHERRY",2025-04-01,2025,17.44,0.1,2384.85,0.1,"2025 apr.xlsx","old_state",4,"2025-04",25
27,"PUDUCHERRY",2025-05-01,2025,18.93,0.1,2644.69,0.11,"2025 may.xlsx","old_state",5,"2025-05",26
27,"PUDUCHERRY",2025-06-01,2025,16.65,0.09,2250.01,0.09,"2025 jun.xlsx","old_state",6,"2025-06",27
27,"PUDUCHERRY",2025-07-01,2025,18.45,0.09,2521.15,0.1,"2025 july.xlsx","old_state",7,"2025-07",28
27,"PUDUCHERRY",2025-08-01,2025,18.83,0.09,2548.23,0.1,"2025 aug.xlsx","old_state",8,"2025-08",29
27,"PUDUCHERRY",2025-09-01,2025,18.13,0.09,2512.47,0.1,"2025 sept.xlsx","old_state",9,"2025-09",30
27,"PUDUCHERRY",2025-10-01,2025,19.35,0.09,2750.37,0.1,"2025 oct.xlsx","old_state",10,"2025-10",31
27,"PUDUCHERRY",2025-11-01,2025,18.57,0.09,2562.42,0.1,"2025 nov.xlsx","old_state",11,"2025-11",32
27,"PUDUCHERRY",2025-12-01,2025,20.29,0.09,2793.2,0.1,"2025 dec.xlsx","old_state",12,"2025-12",33
27,"PUDUCHERRY",2026-01-01,2026,20.72,0.1,2922.9,0.1,"2026 jan.xlsx","old_state",1,"2026-01",34
27,"PUDUCHERRY",2026-02-01,2026,19.25,0.09,2752.91,0.1,"2026 feb.xlsx","old_state",2,"2026-02",35
27,"PUDUCHERRY",2026-03-01,2026,20.92,0.09,2997.33,0.1,"2026 mar.xlsx","new_district_total",3,"2026-03",36
27,"PUDUCHERRY",2026-04-01,2026,19.84,0.09,2833.84,0.1,"2026 apr.xlsx","new_district_total",4,"2026-04",37
27,"PUDUCHERRY",2026-05-01,2026,21.19,0.09,2985.87,0.1,"2026 may.xlsx","new_district_total",5,"2026-05",38
27,"PUDUCHERRY",2026-06-01,2026,21.33,0.09,2996.42,0.1,"2026 jun.xlsx","new_district_total",6,"2026-06",39
28,"PUNJAB",2023-04-01,2023,123.33,1.39,21576.93,1.52,"2023 apr.xlsx","old_state",4,"2023-04",1
28,"PUNJAB",2023-05-01,2023,129.87,1.38,23478.73,1.58,"2023 may.xlsx","old_state",5,"2023-05",2
28,"PUNJAB",2023-06-01,2023,124.17,1.33,22242.08,1.51,"2023 june.xlsx","old_state",6,"2023-06",3
28,"PUNJAB",2023-07-01,2023,132.51,1.33,23480.6,1.53,"2023 july.xlsx","old_state",7,"2023-07",4
28,"PUNJAB",2023-08-01,2023,147.14,1.39,24812.53,1.57,"2023 aug.xlsx","old_state",8,"2023-08",5
28,"PUNJAB",2023-09-01,2023,146.64,1.39,24711.78,1.56,"2023 sept.xlsx","old_state",9,"2023-09",6
28,"PUNJAB",2023-10-01,2023,159.72,1.4,27543.17,1.61,"2023 oct.xlsx","old_state",10,"2023-10",7
28,"PUNJAB",2023-11-01,2023,154.3,1.37,28826.5,1.66,"2023 nov.xlsx","old_state",11,"2023-11",8
28,"PUNJAB",2023-12-01,2023,151.53,1.26,28595.01,1.57,"2023 dec.xlsx","old_state",12,"2023-12",9
28,"PUNJAB",2024-01-01,2024,154.33,1.26,28653.41,1.56,"2024 jan.xlsx","old_state",1,"2024-01",10
28,"PUNJAB",2024-02-01,2024,160.29,1.32,28920.21,1.58,"2024 feb.xlsx","old_state",2,"2024-02",11
28,"PUNJAB",2024-03-01,2024,186.18,1.39,31180.39,1.58,"2024 mar.xlsx","old_state",3,"2024-03",12
28,"PUNJAB",2024-04-01,2024,187.49,1.41,30985.4,1.58,"2024 apr.xlsx","old_state",4,"2024-04",13
28,"PUNJAB",2024-05-01,2024,203.58,1.45,34023.49,1.66,"2024 may.xlsx","old_state",5,"2024-05",14
28,"PUNJAB",2024-06-01,2024,189.55,1.37,31019.54,1.55,"2024 jun.xlsx","old_state",6,"2024-06",15
28,"PUNJAB",2024-07-01,2024,187.81,1.3,31460.15,1.52,"2024 july.xlsx","old_state",7,"2024-07",16
28,"PUNJAB",2024-08-01,2024,175.29,1.17,28217.51,1.37,"2024 aug.xlsx","old_state",8,"2024-08",17
28,"PUNJAB",2024-09-01,2024,175.3,1.17,27746.05,1.34,"2024 sept.xlsx","old_state",9,"2024-09",18
28,"PUNJAB",2024-10-01,2024,191.35,1.15,31784.38,1.35,"2024 oct.xlsx","old_state",10,"2024-10",19
28,"PUNJAB",2024-11-01,2024,184.09,1.19,32257.61,1.5,"2024 nov.xlsx","old_state",11,"2024-11",20
28,"PUNJAB",2024-12-01,2024,193.15,1.15,34024.27,1.46,"2024 dec.xlsx","old_state",12,"2024-12",21
28,"PUNJAB",2025-01-01,2025,185.78,1.09,33047.11,1.41,"2025 jan.xlsx","old_state",1,"2025-01",22
28,"PUNJAB",2025-02-01,2025,166.68,1.03,29146.47,1.33,"2025 feb.xlsx","old_state",2,"2025-02",23
28,"PUNJAB",2025-03-01,2025,194.7,1.06,33048.66,1.33,"2025 mar.xlsx","old_state",3,"2025-03",24
28,"PUNJAB",2025-04-01,2025,212.04,1.19,34535.98,1.44,"2025 apr.xlsx","old_state",4,"2025-04",25
28,"PUNJAB",2025-05-01,2025,224.47,1.2,38466.52,1.53,"2025 may.xlsx","old_state",5,"2025-05",26
28,"PUNJAB",2025-06-01,2025,187.82,1.02,30674.02,1.28,"2025 jun.xlsx","old_state",6,"2025-06",27
28,"PUNJAB",2025-07-01,2025,210.05,1.08,34831.65,1.39,"2025 july.xlsx","old_state",7,"2025-07",28
28,"PUNJAB",2025-08-01,2025,211.76,1.06,33563.64,1.35,"2025 aug.xlsx","old_state",8,"2025-08",29
28,"PUNJAB",2025-09-01,2025,212.73,1.08,34593.51,1.39,"2025 sept.xlsx","old_state",9,"2025-09",30
28,"PUNJAB",2025-10-01,2025,230.69,1.11,40156.23,1.47,"2025 oct.xlsx","old_state",10,"2025-10",31
28,"PUNJAB",2025-11-01,2025,221.74,1.08,39570.9,1.5,"2025 nov.xlsx","old_state",11,"2025-11",32
28,"PUNJAB",2025-12-01,2025,226.99,1.05,40564.96,1.45,"2025 dec.xlsx","old_state",12,"2025-12",33
28,"PUNJAB",2026-01-01,2026,223.53,1.03,40470.97,1.43,"2026 jan.xlsx","old_state",1,"2026-01",34
28,"PUNJAB",2026-02-01,2026,214.63,1.05,38173.21,1.42,"2026 feb.xlsx","old_state",2,"2026-02",35
28,"PUNJAB",2026-03-01,2026,235.45,1.04,40851.08,1.38,"2026 mar.xlsx","new_district_total",3,"2026-03",36
28,"PUNJAB",2026-04-01,2026,234.65,1.04,40017.17,1.36,"2026 apr.xlsx","new_district_total",4,"2026-04",37
28,"PUNJAB",2026-05-01,2026,246.8,1.05,43435.19,1.44,"2026 may.xlsx","new_district_total",5,"2026-05",38
28,"PUNJAB",2026-06-01,2026,234.65,1.03,39874.25,1.38,"2026 jun.xlsx","new_district_total",6,"2026-06",39
29,"RAJASTHAN",2023-04-01,2023,391.83,4.42,64347.76,4.55,"2023 apr.xlsx","old_state",4,"2023-04",1
29,"RAJASTHAN",2023-05-01,2023,382.58,4.06,63055.85,4.23,"2023 may.xlsx","old_state",5,"2023-05",2
29,"RAJASTHAN",2023-06-01,2023,337.69,3.62,55593.65,3.77,"2023 june.xlsx","old_state",6,"2023-06",3
29,"RAJASTHAN",2023-07-01,2023,405.86,4.07,63069.1,4.11,"2023 july.xlsx","old_state",7,"2023-07",4
29,"RAJASTHAN",2023-08-01,2023,459.93,4.34,69380.56,4.4,"2023 aug.xlsx","old_state",8,"2023-08",5
29,"RAJASTHAN",2023-09-01,2023,431.28,4.09,66104.53,4.19,"2023 sept.xlsx","old_state",9,"2023-09",6
29,"RAJASTHAN",2023-10-01,2023,461.98,4.05,72771.58,4.24,"2023 oct.xlsx","old_state",10,"2023-10",7
29,"RAJASTHAN",2023-11-01,2023,451.81,4.02,74471.53,4.28,"2023 nov.xlsx","old_state",11,"2023-11",8
29,"RAJASTHAN",2023-12-01,2023,458.04,3.81,74773.6,4.1,"2023 dec.xlsx","old_state",12,"2023-12",9
29,"RAJASTHAN",2024-01-01,2024,506.55,4.15,81026.02,4.4,"2024 jan.xlsx","old_state",1,"2024-01",10
29,"RAJASTHAN",2024-02-01,2024,540.32,4.46,86997.16,4.76,"2024 feb.xlsx","old_state",2,"2024-02",11
29,"RAJASTHAN",2024-03-01,2024,599.75,4.46,91202.44,4.61,"2024 mar.xlsx","old_state",3,"2024-03",12
29,"RAJASTHAN",2024-04-01,2024,586.35,4.41,89437.41,4.55,"2024 apr.xlsx","old_state",4,"2024-04",13
29,"RAJASTHAN",2024-05-01,2024,630.93,4.5,94794.85,4.64,"2024 may.xlsx","old_state",5,"2024-05",14
29,"RAJASTHAN",2024-06-01,2024,615.97,4.44,90403.66,4.5,"2024 jun.xlsx","old_state",6,"2024-06",15
29,"RAJASTHAN",2024-07-01,2024,630.17,4.37,92634.63,4.49,"2024 july.xlsx","old_state",7,"2024-07",16
29,"RAJASTHAN",2024-08-01,2024,597.32,3.99,84947.05,4.12,"2024 aug.xlsx","old_state",8,"2024-08",17
29,"RAJASTHAN",2024-09-01,2024,611.85,4.07,86708.82,4.2,"2024 sept.xlsx","old_state",9,"2024-09",18
29,"RAJASTHAN",2024-10-01,2024,670.95,4.05,101450.43,4.32,"2024 oct.xlsx","old_state",10,"2024-10",19
29,"RAJASTHAN",2024-11-01,2024,621.05,4.01,95807.51,4.45,"2024 nov.xlsx","old_state",11,"2024-11",20
29,"RAJASTHAN",2024-12-01,2024,668.56,4,102952.49,4.43,"2024 dec.xlsx","old_state",12,"2024-12",21
29,"RAJASTHAN",2025-01-01,2025,543.59,3.2,85277,3.63,"2025 jan.xlsx","old_state",1,"2025-01",22
29,"RAJASTHAN",2025-02-01,2025,460.58,2.86,71687.84,3.26,"2025 feb.xlsx","old_state",2,"2025-02",23
29,"RAJASTHAN",2025-03-01,2025,515.61,2.82,78119.12,3.15,"2025 mar.xlsx","old_state",3,"2025-03",24
29,"RAJASTHAN",2025-04-01,2025,668.4,3.74,98142.13,4.1,"2025 apr.xlsx","old_state",4,"2025-04",25
29,"RAJASTHAN",2025-05-01,2025,763.44,4.09,112439.7,4.47,"2025 may.xlsx","old_state",5,"2025-05",26
29,"RAJASTHAN",2025-06-01,2025,478.63,2.6,69889.1,2.91,"2025 jun.xlsx","old_state",6,"2025-06",27
29,"RAJASTHAN",2025-07-01,2025,527.21,2.71,76044.26,3.03,"2025 july.xlsx","old_state",7,"2025-07",28
29,"RAJASTHAN",2025-08-01,2025,541.39,2.71,74949.8,3.02,"2025 aug.xlsx","old_state",8,"2025-08",29
29,"RAJASTHAN",2025-09-01,2025,519.12,2.64,73664.21,2.96,"2025 sept.xlsx","old_state",9,"2025-09",30
29,"RAJASTHAN",2025-10-01,2025,549.28,2.65,84940.47,3.11,"2025 oct.xlsx","old_state",10,"2025-10",31
29,"RAJASTHAN",2025-11-01,2025,530.23,2.59,81243.65,3.09,"2025 nov.xlsx","old_state",11,"2025-11",32
29,"RAJASTHAN",2025-12-01,2025,557.06,2.57,85129.75,3.04,"2025 dec.xlsx","old_state",12,"2025-12",33
29,"RAJASTHAN",2026-01-01,2026,559.76,2.58,85532.43,3.02,"2026 jan.xlsx","old_state",1,"2026-01",34
29,"RAJASTHAN",2026-02-01,2026,524.36,2.57,80287.61,2.99,"2026 feb.xlsx","old_state",2,"2026-02",35
29,"RAJASTHAN",2026-03-01,2026,569.59,2.52,85316.21,2.89,"2026 mar.xlsx","new_district_total",3,"2026-03",36
29,"RAJASTHAN",2026-04-01,2026,562.25,2.48,86269.47,2.92,"2026 apr.xlsx","new_district_total",4,"2026-04",37
29,"RAJASTHAN",2026-05-01,2026,574.61,2.44,86444.52,2.86,"2026 may.xlsx","new_district_total",5,"2026-05",38
29,"RAJASTHAN",2026-06-01,2026,557.02,2.45,82563.71,2.85,"2026 jun.xlsx","new_district_total",6,"2026-06",39
30,"SIKKIM",2023-04-01,2023,3.44,0.04,660.99,0.05,"2023 apr.xlsx","old_state",4,"2023-04",1
30,"SIKKIM",2023-05-01,2023,3.79,0.04,719.96,0.05,"2023 may.xlsx","old_state",5,"2023-05",2
30,"SIKKIM",2023-06-01,2023,3.91,0.04,718.62,0.05,"2023 june.xlsx","old_state",6,"2023-06",3
30,"SIKKIM",2023-07-01,2023,3.81,0.04,645.73,0.04,"2023 july.xlsx","old_state",7,"2023-07",4
30,"SIKKIM",2023-08-01,2023,3.87,0.04,644.83,0.04,"2023 aug.xlsx","old_state",8,"2023-08",5
30,"SIKKIM",2023-09-01,2023,4.1,0.04,683.81,0.04,"2023 sept.xlsx","old_state",9,"2023-09",6
30,"SIKKIM",2023-10-01,2023,3.85,0.03,697.17,0.04,"2023 oct.xlsx","old_state",10,"2023-10",7
30,"SIKKIM",2023-11-01,2023,3.84,0.03,662.18,0.04,"2023 nov.xlsx","old_state",11,"2023-11",8
30,"SIKKIM",2023-12-01,2023,4.59,0.04,806.34,0.04,"2023 dec.xlsx","old_state",12,"2023-12",9
30,"SIKKIM",2024-01-01,2024,4.58,0.04,786.07,0.04,"2024 jan.xlsx","old_state",1,"2024-01",10
30,"SIKKIM",2024-02-01,2024,4.82,0.04,795.78,0.04,"2024 feb.xlsx","old_state",2,"2024-02",11
30,"SIKKIM",2024-03-01,2024,5.64,0.04,890.91,0.05,"2024 mar.xlsx","old_state",3,"2024-03",12
30,"SIKKIM",2024-04-01,2024,5.39,0.04,891,0.05,"2024 apr.xlsx","old_state",4,"2024-04",13
30,"SIKKIM",2024-05-01,2024,6.38,0.05,1051.32,0.05,"2024 may.xlsx","old_state",5,"2024-05",14
30,"SIKKIM",2024-06-01,2024,6.04,0.04,934.34,0.05,"2024 jun.xlsx","old_state",6,"2024-06",15
30,"SIKKIM",2024-07-01,2024,5.92,0.04,855.82,0.04,"2024 july.xlsx","old_state",7,"2024-07",16
30,"SIKKIM",2024-08-01,2024,5.78,0.04,813.44,0.04,"2024 aug.xlsx","old_state",8,"2024-08",17
30,"SIKKIM",2024-09-01,2024,6.08,0.04,864.13,0.04,"2024 sept.xlsx","old_state",9,"2024-09",18
30,"SIKKIM",2024-10-01,2024,6.64,0.04,1025.11,0.04,"2024 oct.xlsx","old_state",10,"2024-10",19
30,"SIKKIM",2024-11-01,2024,6.36,0.04,908.47,0.04,"2024 nov.xlsx","old_state",11,"2024-11",20
30,"SIKKIM",2024-12-01,2024,7.47,0.04,1115.33,0.05,"2024 dec.xlsx","old_state",12,"2024-12",21
30,"SIKKIM",2025-01-01,2025,6.6,0.04,958.74,0.04,"2025 jan.xlsx","old_state",1,"2025-01",22
30,"SIKKIM",2025-02-01,2025,6.31,0.04,861.53,0.04,"2025 feb.xlsx","old_state",2,"2025-02",23
30,"SIKKIM",2025-03-01,2025,7.77,0.04,1063.13,0.04,"2025 mar.xlsx","old_state",3,"2025-03",24
30,"SIKKIM",2025-04-01,2025,8.65,0.05,1221.5,0.05,"2025 apr.xlsx","old_state",4,"2025-04",25
30,"SIKKIM",2025-05-01,2025,9.76,0.05,1358.66,0.05,"2025 may.xlsx","old_state",5,"2025-05",26
30,"SIKKIM",2025-06-01,2025,7.61,0.04,973.53,0.04,"2025 jun.xlsx","old_state",6,"2025-06",27
30,"SIKKIM",2025-07-01,2025,8.19,0.04,1044.52,0.04,"2025 july.xlsx","old_state",7,"2025-07",28
30,"SIKKIM",2025-08-01,2025,8.11,0.04,988.11,0.04,"2025 aug.xlsx","old_state",8,"2025-08",29
30,"SIKKIM",2025-09-01,2025,8.51,0.04,1132.35,0.05,"2025 sept.xlsx","old_state",9,"2025-09",30
30,"SIKKIM",2025-10-01,2025,7.59,0.04,1014.3,0.04,"2025 oct.xlsx","old_state",10,"2025-10",31
30,"SIKKIM",2025-11-01,2025,8.71,0.04,1125.59,0.04,"2025 nov.xlsx","old_state",11,"2025-11",32
30,"SIKKIM",2025-12-01,2025,9.23,0.04,1263.74,0.05,"2025 dec.xlsx","old_state",12,"2025-12",33
30,"SIKKIM",2026-01-01,2026,9.08,0.04,1232.64,0.04,"2026 jan.xlsx","old_state",1,"2026-01",34
30,"SIKKIM",2026-02-01,2026,8.64,0.04,1162.27,0.04,"2026 feb.xlsx","old_state",2,"2026-02",35
30,"SIKKIM",2026-03-01,2026,9.83,0.04,1331.08,0.05,"2026 mar.xlsx","new_district_total",3,"2026-03",36
30,"SIKKIM",2026-04-01,2026,9.59,0.04,1305.33,0.04,"2026 apr.xlsx","new_district_total",4,"2026-04",37
30,"SIKKIM",2026-05-01,2026,10.43,0.04,1458.17,0.05,"2026 may.xlsx","new_district_total",5,"2026-05",38
30,"SIKKIM",2026-06-01,2026,10.23,0.05,1397.18,0.05,"2026 jun.xlsx","new_district_total",6,"2026-06",39
31,"TAMIL NADU",2023-04-01,2023,433.99,4.9,73484.77,5.19,"2023 apr.xlsx","old_state",4,"2023-04",1
31,"TAMIL NADU",2023-05-01,2023,459.82,4.88,78145.83,5.25,"2023 may.xlsx","old_state",5,"2023-05",2
31,"TAMIL NADU",2023-06-01,2023,458.92,4.92,79245.18,5.37,"2023 june.xlsx","old_state",6,"2023-06",3
31,"TAMIL NADU",2023-07-01,2023,494.19,4.96,83009.09,5.41,"2023 july.xlsx","old_state",7,"2023-07",4
31,"TAMIL NADU",2023-08-01,2023,511.03,4.83,84388.17,5.35,"2023 aug.xlsx","old_state",8,"2023-08",5
31,"TAMIL NADU",2023-09-01,2023,521.85,4.94,85968.46,5.44,"2023 sept.xlsx","old_state",9,"2023-09",6
31,"TAMIL NADU",2023-10-01,2023,538.52,4.72,87385.36,5.09,"2023 oct.xlsx","old_state",10,"2023-10",7
31,"TAMIL NADU",2023-11-01,2023,525.3,4.68,87369.93,5.02,"2023 nov.xlsx","old_state",11,"2023-11",8
31,"TAMIL NADU",2023-12-01,2023,511.92,4.26,83498.19,4.58,"2023 dec.xlsx","old_state",12,"2023-12",9
31,"TAMIL NADU",2024-01-01,2024,551.15,4.52,88612.57,4.81,"2024 jan.xlsx","old_state",1,"2024-01",10
31,"TAMIL NADU",2024-02-01,2024,592.63,4.9,95903.84,5.25,"2024 feb.xlsx","old_state",2,"2024-02",11
31,"TAMIL NADU",2024-03-01,2024,656.26,4.88,103876.55,5.25,"2024 mar.xlsx","old_state",3,"2024-03",12
31,"TAMIL NADU",2024-04-01,2024,638.48,4.8,101057.95,5.14,"2024 apr.xlsx","old_state",4,"2024-04",13
31,"TAMIL NADU",2024-05-01,2024,671.77,4.79,107752.55,5.27,"2024 may.xlsx","old_state",5,"2024-05",14
31,"TAMIL NADU",2024-06-01,2024,663.61,4.78,107352.87,5.35,"2024 jun.xlsx","old_state",6,"2024-06",15
31,"TAMIL NADU",2024-07-01,2024,677.2,4.69,106563.19,5.16,"2024 july.xlsx","old_state",7,"2024-07",16
31,"TAMIL NADU",2024-08-01,2024,677.8,4.53,105507.85,5.12,"2024 aug.xlsx","old_state",8,"2024-08",17
31,"TAMIL NADU",2024-09-01,2024,677.22,4.5,104511.95,5.06,"2024 sept.xlsx","old_state",9,"2024-09",18
31,"TAMIL NADU",2024-10-01,2024,716.36,4.32,112218.72,4.78,"2024 oct.xlsx","old_state",10,"2024-10",19
31,"TAMIL NADU",2024-11-01,2024,685.76,4.43,104101.32,4.83,"2024 nov.xlsx","old_state",11,"2024-11",20
31,"TAMIL NADU",2024-12-01,2024,746.07,4.46,111759.26,4.81,"2024 dec.xlsx","old_state",12,"2024-12",21
31,"TAMIL NADU",2025-01-01,2025,715.49,4.21,108619,4.63,"2025 jan.xlsx","old_state",1,"2025-01",22
31,"TAMIL NADU",2025-02-01,2025,651.15,4.04,99837.67,4.55,"2025 feb.xlsx","old_state",2,"2025-02",23
31,"TAMIL NADU",2025-03-01,2025,730.26,3.99,111554.31,4.5,"2025 mar.xlsx","old_state",3,"2025-03",24
31,"TAMIL NADU",2025-04-01,2025,776.9,4.34,115363.33,4.82,"2025 apr.xlsx","old_state",4,"2025-04",25
31,"TAMIL NADU",2025-05-01,2025,859.85,4.6,130583.67,5.19,"2025 may.xlsx","old_state",5,"2025-05",26
31,"TAMIL NADU",2025-06-01,2025,699.34,3.8,105130.55,4.37,"2025 jun.xlsx","old_state",6,"2025-06",27
31,"TAMIL NADU",2025-07-01,2025,778.83,4,117090.44,4.67,"2025 july.xlsx","old_state",7,"2025-07",28
31,"TAMIL NADU",2025-08-01,2025,799.24,3.99,118149.83,4.75,"2025 aug.xlsx","old_state",8,"2025-08",29
31,"TAMIL NADU",2025-09-01,2025,780.35,3.97,118940.73,4.78,"2025 sept.xlsx","old_state",9,"2025-09",30
31,"TAMIL NADU",2025-10-01,2025,812.02,3.92,128292.11,4.7,"2025 oct.xlsx","old_state",10,"2025-10",31
31,"TAMIL NADU",2025-11-01,2025,813.85,3.98,123549.07,4.69,"2025 nov.xlsx","old_state",11,"2025-11",32
31,"TAMIL NADU",2025-12-01,2025,862.86,3.99,131083.27,4.69,"2025 dec.xlsx","old_state",12,"2025-12",33
31,"TAMIL NADU",2026-01-01,2026,859.4,3.96,132611.23,4.68,"2026 jan.xlsx","old_state",1,"2026-01",34
31,"TAMIL NADU",2026-02-01,2026,828.89,4.06,130869.54,4.88,"2026 feb.xlsx","old_state",2,"2026-02",35
31,"TAMIL NADU",2026-03-01,2026,904.49,3.99,143290.72,4.85,"2026 mar.xlsx","new_district_total",3,"2026-03",36
31,"TAMIL NADU",2026-04-01,2026,870.1,3.84,135372.86,4.58,"2026 apr.xlsx","new_district_total",4,"2026-04",37
31,"TAMIL NADU",2026-05-01,2026,905.25,3.85,141314.49,4.68,"2026 may.xlsx","new_district_total",5,"2026-05",38
31,"TAMIL NADU",2026-06-01,2026,908.74,4,141792.15,4.9,"2026 jun.xlsx","new_district_total",6,"2026-06",39
32,"TELANGANA",2023-04-01,2023,683.07,7.71,121761.16,8.6,"2023 apr.xlsx","old_state",4,"2023-04",1
32,"TELANGANA",2023-05-01,2023,716.76,7.61,129532.28,8.7,"2023 may.xlsx","old_state",5,"2023-05",2
32,"TELANGANA",2023-06-01,2023,710.27,7.61,129049.85,8.75,"2023 june.xlsx","old_state",6,"2023-06",3
32,"TELANGANA",2023-07-01,2023,720.58,7.23,127885.79,8.34,"2023 july.xlsx","old_state",7,"2023-07",4
32,"TELANGANA",2023-08-01,2023,753.64,7.12,127817.82,8.11,"2023 aug.xlsx","old_state",8,"2023-08",5
32,"TELANGANA",2023-09-01,2023,713.29,6.76,121128.45,7.67,"2023 sept.xlsx","old_state",9,"2023-09",6
32,"TELANGANA",2023-10-01,2023,778.04,6.82,132269.35,7.71,"2023 oct.xlsx","old_state",10,"2023-10",7
32,"TELANGANA",2023-11-01,2023,764.77,6.81,131905.47,7.58,"2023 nov.xlsx","old_state",11,"2023-11",8
32,"TELANGANA",2023-12-01,2023,679.54,5.65,118318.89,6.49,"2023 dec.xlsx","old_state",12,"2023-12",9
32,"TELANGANA",2024-01-01,2024,736.18,6.03,123049.67,6.68,"2024 jan.xlsx","old_state",1,"2024-01",10
32,"TELANGANA",2024-02-01,2024,799.49,6.61,131906.83,7.22,"2024 feb.xlsx","old_state",2,"2024-02",11
32,"TELANGANA",2024-03-01,2024,887.13,6.6,141964.06,7.18,"2024 mar.xlsx","old_state",3,"2024-03",12
32,"TELANGANA",2024-04-01,2024,851.14,6.4,138376.57,7.04,"2024 apr.xlsx","old_state",4,"2024-04",13
32,"TELANGANA",2024-05-01,2024,870.16,6.2,141990.78,6.94,"2024 may.xlsx","old_state",5,"2024-05",14
32,"TELANGANA",2024-06-01,2024,878.6,6.33,142465.64,7.1,"2024 jun.xlsx","old_state",6,"2024-06",15
32,"TELANGANA",2024-07-01,2024,893.66,6.19,142350.66,6.9,"2024 july.xlsx","old_state",7,"2024-07",16
32,"TELANGANA",2024-08-01,2024,918.97,6.14,144389.06,7.01,"2024 aug.xlsx","old_state",8,"2024-08",17
32,"TELANGANA",2024-09-01,2024,903.59,6.01,138868.45,6.73,"2024 sept.xlsx","old_state",9,"2024-09",18
32,"TELANGANA",2024-10-01,2024,958.36,5.78,148396.28,6.32,"2024 oct.xlsx","old_state",10,"2024-10",19
32,"TELANGANA",2024-11-01,2024,938.62,6.06,145611.57,6.76,"2024 nov.xlsx","old_state",11,"2024-11",20
32,"TELANGANA",2024-12-01,2024,993.83,5.94,159350.81,6.85,"2024 dec.xlsx","old_state",12,"2024-12",21
32,"TELANGANA",2025-01-01,2025,800.24,4.71,128255,5.46,"2025 jan.xlsx","old_state",1,"2025-01",22
32,"TELANGANA",2025-02-01,2025,703.4,4.37,111063.09,5.06,"2025 feb.xlsx","old_state",2,"2025-02",23
32,"TELANGANA",2025-03-01,2025,784.35,4.29,124966.41,5.04,"2025 mar.xlsx","old_state",3,"2025-03",24
32,"TELANGANA",2025-04-01,2025,949.72,5.31,147127.52,6.14,"2025 apr.xlsx","old_state",4,"2025-04",25
32,"TELANGANA",2025-05-01,2025,1088.58,5.83,174971.59,6.96,"2025 may.xlsx","old_state",5,"2025-05",26
32,"TELANGANA",2025-06-01,2025,738.37,4.01,118822.08,4.94,"2025 jun.xlsx","old_state",6,"2025-06",27
32,"TELANGANA",2025-07-01,2025,791.46,4.07,126739.73,5.05,"2025 july.xlsx","old_state",7,"2025-07",28
32,"TELANGANA",2025-08-01,2025,803.98,4.02,122333.79,4.92,"2025 aug.xlsx","old_state",8,"2025-08",29
32,"TELANGANA",2025-09-01,2025,795.5,4.05,123214.19,4.95,"2025 sept.xlsx","old_state",9,"2025-09",30
32,"TELANGANA",2025-10-01,2025,836.27,4.04,130835.09,4.8,"2025 oct.xlsx","old_state",10,"2025-10",31
32,"TELANGANA",2025-11-01,2025,851.25,4.16,131369.55,4.99,"2025 nov.xlsx","old_state",11,"2025-11",32
32,"TELANGANA",2025-12-01,2025,887.11,4.1,141323.58,5.05,"2025 dec.xlsx","old_state",12,"2025-12",33
32,"TELANGANA",2026-01-01,2026,870.99,4.01,139218.72,4.91,"2026 jan.xlsx","old_state",1,"2026-01",34
32,"TELANGANA",2026-02-01,2026,827.59,4.06,131782.2,4.91,"2026 feb.xlsx","old_state",2,"2026-02",35
32,"TELANGANA",2026-03-01,2026,904.01,3.99,143975.14,4.88,"2026 mar.xlsx","new_district_total",3,"2026-03",36
32,"TELANGANA",2026-04-01,2026,893.59,3.95,140992.69,4.78,"2026 apr.xlsx","new_district_total",4,"2026-04",37
32,"TELANGANA",2026-05-01,2026,909.65,3.87,145604.64,4.82,"2026 may.xlsx","new_district_total",5,"2026-05",38
32,"TELANGANA",2026-06-01,2026,900.79,3.97,147929.06,5.11,"2026 jun.xlsx","new_district_total",6,"2026-06",39
33,"TRIPURA",2023-04-01,2023,5.52,0.06,993.56,0.07,"2023 apr.xlsx","old_state",4,"2023-04",1
33,"TRIPURA",2023-05-01,2023,5.95,0.06,1016.47,0.07,"2023 may.xlsx","old_state",5,"2023-05",2
33,"TRIPURA",2023-06-01,2023,5.62,0.06,980.89,0.07,"2023 june.xlsx","old_state",6,"2023-06",3
33,"TRIPURA",2023-07-01,2023,6.24,0.06,1064.86,0.07,"2023 july.xlsx","old_state",7,"2023-07",4
33,"TRIPURA",2023-08-01,2023,6.75,0.06,1123.71,0.07,"2023 aug.xlsx","old_state",8,"2023-08",5
33,"TRIPURA",2023-09-01,2023,7.52,0.07,1274.91,0.08,"2023 sept.xlsx","old_state",9,"2023-09",6
33,"TRIPURA",2023-10-01,2023,8.47,0.07,1429.11,0.08,"2023 oct.xlsx","old_state",10,"2023-10",7
33,"TRIPURA",2023-11-01,2023,7.98,0.07,1343.51,0.08,"2023 nov.xlsx","old_state",11,"2023-11",8
33,"TRIPURA",2023-12-01,2023,8.26,0.07,1381.1,0.08,"2023 dec.xlsx","old_state",12,"2023-12",9
33,"TRIPURA",2024-01-01,2024,8.93,0.07,1475.69,0.08,"2024 jan.xlsx","old_state",1,"2024-01",10
33,"TRIPURA",2024-02-01,2024,10.15,0.08,1676.39,0.09,"2024 feb.xlsx","old_state",2,"2024-02",11
33,"TRIPURA",2024-03-01,2024,11.03,0.08,1789.75,0.09,"2024 mar.xlsx","old_state",3,"2024-03",12
33,"TRIPURA",2024-04-01,2024,10.75,0.08,1653.37,0.08,"2024 apr.xlsx","old_state",4,"2024-04",13
33,"TRIPURA",2024-05-01,2024,10.98,0.08,1615.12,0.08,"2024 may.xlsx","old_state",5,"2024-05",14
33,"TRIPURA",2024-06-01,2024,10.8,0.08,1581.02,0.08,"2024 jun.xlsx","old_state",6,"2024-06",15
33,"TRIPURA",2024-07-01,2024,10.75,0.07,1598.7,0.08,"2024 july.xlsx","old_state",7,"2024-07",16
33,"TRIPURA",2024-08-01,2024,9.87,0.07,1417.55,0.07,"2024 aug.xlsx","old_state",8,"2024-08",17
33,"TRIPURA",2024-09-01,2024,10.68,0.07,1580.23,0.08,"2024 sept.xlsx","old_state",9,"2024-09",18
33,"TRIPURA",2024-10-01,2024,11.68,0.07,1721.97,0.07,"2024 oct.xlsx","old_state",10,"2024-10",19
33,"TRIPURA",2024-11-01,2024,11.72,0.08,1727.38,0.08,"2024 nov.xlsx","old_state",11,"2024-11",20
33,"TRIPURA",2024-12-01,2024,12.49,0.07,1886.49,0.08,"2024 dec.xlsx","old_state",12,"2024-12",21
33,"TRIPURA",2025-01-01,2025,12.56,0.07,1860.53,0.08,"2025 jan.xlsx","old_state",1,"2025-01",22
33,"TRIPURA",2025-02-01,2025,11.48,0.07,1676.35,0.08,"2025 feb.xlsx","old_state",2,"2025-02",23
33,"TRIPURA",2025-03-01,2025,13.16,0.07,1871.46,0.08,"2025 mar.xlsx","old_state",3,"2025-03",24
33,"TRIPURA",2025-04-01,2025,13.94,0.08,1936.41,0.08,"2025 apr.xlsx","old_state",4,"2025-04",25
33,"TRIPURA",2025-05-01,2025,14.82,0.08,1968.89,0.08,"2025 may.xlsx","old_state",5,"2025-05",26
33,"TRIPURA",2025-06-01,2025,12.51,0.07,1607.37,0.07,"2025 jun.xlsx","old_state",6,"2025-06",27
33,"TRIPURA",2025-07-01,2025,14.24,0.07,1891.8,0.08,"2025 july.xlsx","old_state",7,"2025-07",28
33,"TRIPURA",2025-08-01,2025,14.59,0.07,1874.19,0.08,"2025 aug.xlsx","old_state",8,"2025-08",29
33,"TRIPURA",2025-09-01,2025,15.6,0.08,2140.32,0.09,"2025 sept.xlsx","old_state",9,"2025-09",30
33,"TRIPURA",2025-10-01,2025,15.1,0.07,1955.12,0.07,"2025 oct.xlsx","old_state",10,"2025-10",31
33,"TRIPURA",2025-11-01,2025,15.36,0.08,2067.22,0.08,"2025 nov.xlsx","old_state",11,"2025-11",32
33,"TRIPURA",2025-12-01,2025,16.38,0.08,2229.75,0.08,"2025 dec.xlsx","old_state",12,"2025-12",33
33,"TRIPURA",2026-01-01,2026,16.67,0.08,2279.56,0.08,"2026 jan.xlsx","old_state",1,"2026-01",34
33,"TRIPURA",2026-02-01,2026,15.61,0.08,2168.2,0.08,"2026 feb.xlsx","old_state",2,"2026-02",35
33,"TRIPURA",2026-03-01,2026,17.02,0.08,2341.22,0.08,"2026 mar.xlsx","new_district_total",3,"2026-03",36
33,"TRIPURA",2026-04-01,2026,16.51,0.07,2234.95,0.08,"2026 apr.xlsx","new_district_total",4,"2026-04",37
33,"TRIPURA",2026-05-01,2026,16.94,0.07,2146.73,0.07,"2026 may.xlsx","new_district_total",5,"2026-05",38
33,"TRIPURA",2026-06-01,2026,16.81,0.07,2157.59,0.07,"2026 jun.xlsx","new_district_total",6,"2026-06",39
34,"UTTAR PRADESH",2023-04-01,2023,569.78,6.43,87585.09,6.19,"2023 apr.xlsx","old_state",4,"2023-04",1
34,"UTTAR PRADESH",2023-05-01,2023,612.76,6.51,94729.13,6.36,"2023 may.xlsx","old_state",5,"2023-05",2
34,"UTTAR PRADESH",2023-06-01,2023,596.11,6.39,90290.44,6.12,"2023 june.xlsx","old_state",6,"2023-06",3
34,"UTTAR PRADESH",2023-07-01,2023,630.3,6.33,90963.74,5.93,"2023 july.xlsx","old_state",7,"2023-07",4
34,"UTTAR PRADESH",2023-08-01,2023,678.37,6.41,94133.08,5.97,"2023 aug.xlsx","old_state",8,"2023-08",5
34,"UTTAR PRADESH",2023-09-01,2023,680.36,6.45,95195.96,6.03,"2023 sept.xlsx","old_state",9,"2023-09",6
34,"UTTAR PRADESH",2023-10-01,2023,752.99,6.6,107856.43,6.29,"2023 oct.xlsx","old_state",10,"2023-10",7
34,"UTTAR PRADESH",2023-11-01,2023,786.83,7,118988.81,6.84,"2023 nov.xlsx","old_state",11,"2023-11",8
34,"UTTAR PRADESH",2023-12-01,2023,774.15,6.44,115581.23,6.34,"2023 dec.xlsx","old_state",12,"2023-12",9
34,"UTTAR PRADESH",2024-01-01,2024,821.19,6.73,118540.28,6.44,"2024 jan.xlsx","old_state",1,"2024-01",10
34,"UTTAR PRADESH",2024-02-01,2024,877.83,7.25,130330.17,7.13,"2024 feb.xlsx","old_state",2,"2024-02",11
34,"UTTAR PRADESH",2024-03-01,2024,1000.03,7.44,140637.92,7.11,"2024 mar.xlsx","old_state",3,"2024-03",12
34,"UTTAR PRADESH",2024-04-01,2024,1007.12,7.57,141875.13,7.22,"2024 apr.xlsx","old_state",4,"2024-04",13
34,"UTTAR PRADESH",2024-05-01,2024,1064.6,7.58,141188.23,6.9,"2024 may.xlsx","old_state",5,"2024-05",14
34,"UTTAR PRADESH",2024-06-01,2024,1018.74,7.34,133867.63,6.67,"2024 jun.xlsx","old_state",6,"2024-06",15
34,"UTTAR PRADESH",2024-07-01,2024,997.05,6.91,132974.21,6.44,"2024 july.xlsx","old_state",7,"2024-07",16
34,"UTTAR PRADESH",2024-08-01,2024,931.98,6.23,121507.51,5.9,"2024 aug.xlsx","old_state",8,"2024-08",17
34,"UTTAR PRADESH",2024-09-01,2024,934.8,6.21,120545.17,5.84,"2024 sept.xlsx","old_state",9,"2024-09",18
34,"UTTAR PRADESH",2024-10-01,2024,1054.58,6.36,143596.48,6.11,"2024 oct.xlsx","old_state",10,"2024-10",19
34,"UTTAR PRADESH",2024-11-01,2024,1044.79,6.75,145688.84,6.76,"2024 nov.xlsx","old_state",11,"2024-11",20
34,"UTTAR PRADESH",2024-12-01,2024,1105.66,6.61,152791.39,6.57,"2024 dec.xlsx","old_state",12,"2024-12",21
34,"UTTAR PRADESH",2025-01-01,2025,952.1,5.6,133054,5.67,"2025 jan.xlsx","old_state",1,"2025-01",22
34,"UTTAR PRADESH",2025-02-01,2025,852.17,5.29,122496.48,5.58,"2025 feb.xlsx","old_state",2,"2025-02",23
34,"UTTAR PRADESH",2025-03-01,2025,962.13,5.26,134045.16,5.41,"2025 mar.xlsx","old_state",3,"2025-03",24
34,"UTTAR PRADESH",2025-04-01,2025,1206.85,6.74,159811.36,6.67,"2025 apr.xlsx","old_state",4,"2025-04",25
34,"UTTAR PRADESH",2025-05-01,2025,1401.43,7.5,182118.99,7.24,"2025 may.xlsx","old_state",5,"2025-05",26
34,"UTTAR PRADESH",2025-06-01,2025,972.29,5.29,123844.58,5.15,"2025 jun.xlsx","old_state",6,"2025-06",27
34,"UTTAR PRADESH",2025-07-01,2025,1031.94,5.3,131885.79,5.26,"2025 july.xlsx","old_state",7,"2025-07",28
34,"UTTAR PRADESH",2025-08-01,2025,1059.4,5.29,131586.5,5.29,"2025 aug.xlsx","old_state",8,"2025-08",29
34,"UTTAR PRADESH",2025-09-01,2025,1036.09,5.28,132034.73,5.3,"2025 sept.xlsx","old_state",9,"2025-09",30
34,"UTTAR PRADESH",2025-10-01,2025,1136.16,5.49,153595.1,5.63,"2025 oct.xlsx","old_state",10,"2025-10",31
34,"UTTAR PRADESH",2025-11-01,2025,1118.9,5.47,152420.82,5.79,"2025 nov.xlsx","old_state",11,"2025-11",32
34,"UTTAR PRADESH",2025-12-01,2025,1147.64,5.3,155131.4,5.55,"2025 dec.xlsx","old_state",12,"2025-12",33
34,"UTTAR PRADESH",2026-01-01,2026,1130.54,5.21,153987.1,5.43,"2026 jan.xlsx","old_state",1,"2026-01",34
34,"UTTAR PRADESH",2026-02-01,2026,1082.79,5.31,150105.35,5.59,"2026 feb.xlsx","old_state",2,"2026-02",35
34,"UTTAR PRADESH",2026-03-01,2026,1202.76,5.31,161091.32,5.46,"2026 mar.xlsx","new_district_total",3,"2026-03",36
34,"UTTAR PRADESH",2026-04-01,2026,1216.04,5.37,162561.16,5.51,"2026 apr.xlsx","new_district_total",4,"2026-04",37
34,"UTTAR PRADESH",2026-05-01,2026,1280,5.44,165739.97,5.49,"2026 may.xlsx","new_district_total",5,"2026-05",38
34,"UTTAR PRADESH",2026-06-01,2026,1221.7,5.38,153254.31,5.3,"2026 jun.xlsx","new_district_total",6,"2026-06",39
35,"UTTARAKHAND",2023-04-01,2023,79.24,0.89,11091.58,0.78,"2023 apr.xlsx","old_state",4,"2023-04",1
35,"UTTARAKHAND",2023-05-01,2023,85.32,0.91,11994.84,0.81,"2023 may.xlsx","old_state",5,"2023-05",2
35,"UTTARAKHAND",2023-06-01,2023,79.35,0.85,11384.06,0.77,"2023 june.xlsx","old_state",6,"2023-06",3
35,"UTTARAKHAND",2023-07-01,2023,78.54,0.79,10785.35,0.7,"2023 july.xlsx","old_state",7,"2023-07",4
35,"UTTARAKHAND",2023-08-01,2023,81.71,0.77,10706.66,0.68,"2023 aug.xlsx","old_state",8,"2023-08",5
35,"UTTARAKHAND",2023-09-01,2023,83.19,0.79,11010.69,0.7,"2023 sept.xlsx","old_state",9,"2023-09",6
35,"UTTARAKHAND",2023-10-01,2023,96.06,0.84,13132.59,0.77,"2023 oct.xlsx","old_state",10,"2023-10",7
35,"UTTARAKHAND",2023-11-01,2023,90.04,0.8,12869.19,0.74,"2023 nov.xlsx","old_state",11,"2023-11",8
35,"UTTARAKHAND",2023-12-01,2023,82.74,0.69,11377.31,0.62,"2023 dec.xlsx","old_state",12,"2023-12",9
35,"UTTARAKHAND",2024-01-01,2024,85.68,0.7,11783.03,0.64,"2024 jan.xlsx","old_state",1,"2024-01",10
35,"UTTARAKHAND",2024-02-01,2024,84.78,0.7,11651.77,0.64,"2024 feb.xlsx","old_state",2,"2024-02",11
35,"UTTARAKHAND",2024-03-01,2024,96.44,0.72,12359.89,0.62,"2024 mar.xlsx","old_state",3,"2024-03",12
35,"UTTARAKHAND",2024-04-01,2024,106.39,0.8,13493.01,0.69,"2024 apr.xlsx","old_state",4,"2024-04",13
35,"UTTARAKHAND",2024-05-01,2024,114.22,0.81,14717.76,0.72,"2024 may.xlsx","old_state",5,"2024-05",14
35,"UTTARAKHAND",2024-06-01,2024,107.43,0.77,13873.68,0.69,"2024 jun.xlsx","old_state",6,"2024-06",15
35,"UTTARAKHAND",2024-07-01,2024,97.26,0.67,12476.1,0.6,"2024 july.xlsx","old_state",7,"2024-07",16
35,"UTTARAKHAND",2024-08-01,2024,94.7,0.63,11817.2,0.57,"2024 aug.xlsx","old_state",8,"2024-08",17
35,"UTTARAKHAND",2024-09-01,2024,96.9,0.64,11894.78,0.58,"2024 sept.xlsx","old_state",9,"2024-09",18
35,"UTTARAKHAND",2024-10-01,2024,118.69,0.72,15437.66,0.66,"2024 oct.xlsx","old_state",10,"2024-10",19
35,"UTTARAKHAND",2024-11-01,2024,112.61,0.73,14691.68,0.68,"2024 nov.xlsx","old_state",11,"2024-11",20
35,"UTTARAKHAND",2024-12-01,2024,114.11,0.68,14712.65,0.63,"2024 dec.xlsx","old_state",12,"2024-12",21
35,"UTTARAKHAND",2025-01-01,2025,99.47,0.59,12991.82,0.55,"2025 jan.xlsx","old_state",1,"2025-01",22
35,"UTTARAKHAND",2025-02-01,2025,89.78,0.56,11561.18,0.53,"2025 feb.xlsx","old_state",2,"2025-02",23
35,"UTTARAKHAND",2025-03-01,2025,105.37,0.58,13275.09,0.54,"2025 mar.xlsx","old_state",3,"2025-03",24
35,"UTTARAKHAND",2025-04-01,2025,125.79,0.7,15444.37,0.64,"2025 apr.xlsx","old_state",4,"2025-04",25
35,"UTTARAKHAND",2025-05-01,2025,141.43,0.76,17646.59,0.7,"2025 may.xlsx","old_state",5,"2025-05",26
35,"UTTARAKHAND",2025-06-01,2025,110.35,0.6,13596.45,0.57,"2025 jun.xlsx","old_state",6,"2025-06",27
35,"UTTARAKHAND",2025-07-01,2025,111.48,0.57,13515.41,0.54,"2025 july.xlsx","old_state",7,"2025-07",28
35,"UTTARAKHAND",2025-08-01,2025,108.74,0.54,12976.53,0.52,"2025 aug.xlsx","old_state",8,"2025-08",29
35,"UTTARAKHAND",2025-09-01,2025,108.04,0.55,13117.86,0.53,"2025 sept.xlsx","old_state",9,"2025-09",30
35,"UTTARAKHAND",2025-10-01,2025,119.77,0.58,15792.93,0.58,"2025 oct.xlsx","old_state",10,"2025-10",31
35,"UTTARAKHAND",2025-11-01,2025,114.89,0.56,14826.57,0.56,"2025 nov.xlsx","old_state",11,"2025-11",32
35,"UTTARAKHAND",2025-12-01,2025,119.35,0.55,15420.17,0.55,"2025 dec.xlsx","old_state",12,"2025-12",33
35,"UTTARAKHAND",2026-01-01,2026,116.28,0.54,15316.91,0.54,"2026 jan.xlsx","old_state",1,"2026-01",34
35,"UTTARAKHAND",2026-02-01,2026,109.3,0.54,14218.08,0.53,"2026 feb.xlsx","old_state",2,"2026-02",35
35,"UTTARAKHAND",2026-03-01,2026,121.43,0.54,15624.91,0.53,"2026 mar.xlsx","new_district_total",3,"2026-03",36
35,"UTTARAKHAND",2026-04-01,2026,127,0.56,16417.86,0.56,"2026 apr.xlsx","new_district_total",4,"2026-04",37
35,"UTTARAKHAND",2026-05-01,2026,139.34,0.59,17977.87,0.6,"2026 may.xlsx","new_district_total",5,"2026-05",38
35,"UTTARAKHAND",2026-06-01,2026,134.18,0.59,16961.9,0.59,"2026 jun.xlsx","new_district_total",6,"2026-06",39
36,"WEST BENGAL",2023-04-01,2023,233.46,2.63,43922.05,3.1,"2023 apr.xlsx","old_state",4,"2023-04",1
36,"WEST BENGAL",2023-05-01,2023,263.52,2.8,48233.44,3.24,"2023 may.xlsx","old_state",5,"2023-05",2
36,"WEST BENGAL",2023-06-01,2023,273.83,2.93,49603.55,3.36,"2023 june.xlsx","old_state",6,"2023-06",3
36,"WEST BENGAL",2023-07-01,2023,289.59,2.91,50112.15,3.27,"2023 july.xlsx","old_state",7,"2023-07",4
36,"WEST BENGAL",2023-08-01,2023,286.09,2.7,48819.44,3.1,"2023 aug.xlsx","old_state",8,"2023-08",5
36,"WEST BENGAL",2023-09-01,2023,280.3,2.66,48707.55,3.08,"2023 sept.xlsx","old_state",9,"2023-09",6
36,"WEST BENGAL",2023-10-01,2023,321.25,2.82,54677.68,3.19,"2023 oct.xlsx","old_state",10,"2023-10",7
36,"WEST BENGAL",2023-11-01,2023,312.97,2.79,53753.8,3.09,"2023 nov.xlsx","old_state",11,"2023-11",8
36,"WEST BENGAL",2023-12-01,2023,303.96,2.53,53216.78,2.92,"2023 dec.xlsx","old_state",12,"2023-12",9
36,"WEST BENGAL",2024-01-01,2024,334,2.74,57876.9,3.14,"2024 jan.xlsx","old_state",1,"2024-01",10
36,"WEST BENGAL",2024-02-01,2024,354.85,2.93,61540.67,3.37,"2024 feb.xlsx","old_state",2,"2024-02",11
36,"WEST BENGAL",2024-03-01,2024,386,2.87,66683.59,3.37,"2024 mar.xlsx","old_state",3,"2024-03",12
36,"WEST BENGAL",2024-04-01,2024,387.08,2.91,64939.85,3.31,"2024 apr.xlsx","old_state",4,"2024-04",13
36,"WEST BENGAL",2024-05-01,2024,404.75,2.88,66216.65,3.24,"2024 may.xlsx","old_state",5,"2024-05",14
36,"WEST BENGAL",2024-06-01,2024,421.23,3.03,68076.9,3.39,"2024 jun.xlsx","old_state",6,"2024-06",15
36,"WEST BENGAL",2024-07-01,2024,429.78,2.98,68677.12,3.33,"2024 july.xlsx","old_state",7,"2024-07",16
36,"WEST BENGAL",2024-08-01,2024,419.64,2.8,65053.05,3.16,"2024 aug.xlsx","old_state",8,"2024-08",17
36,"WEST BENGAL",2024-09-01,2024,433.3,2.88,68329.39,3.31,"2024 sept.xlsx","old_state",9,"2024-09",18
36,"WEST BENGAL",2024-10-01,2024,478.37,2.88,74530.28,3.17,"2024 oct.xlsx","old_state",10,"2024-10",19
36,"WEST BENGAL",2024-11-01,2024,460.4,2.97,71880.33,3.34,"2024 nov.xlsx","old_state",11,"2024-11",20
36,"WEST BENGAL",2024-12-01,2024,501.77,3,79252.88,3.41,"2024 dec.xlsx","old_state",12,"2024-12",21
36,"WEST BENGAL",2025-01-01,2025,427.1,2.51,67764,2.89,"2025 jan.xlsx","old_state",1,"2025-01",22
36,"WEST BENGAL",2025-02-01,2025,361.07,2.24,56774.96,2.58,"2025 feb.xlsx","old_state",2,"2025-02",23
36,"WEST BENGAL",2025-03-01,2025,405.81,2.22,64647.94,2.61,"2025 mar.xlsx","old_state",3,"2025-03",24
36,"WEST BENGAL",2025-04-01,2025,500.08,2.79,74892.26,3.13,"2025 apr.xlsx","old_state",4,"2025-04",25
36,"WEST BENGAL",2025-05-01,2025,579.06,3.1,87037.14,3.46,"2025 may.xlsx","old_state",5,"2025-05",26
36,"WEST BENGAL",2025-06-01,2025,396.75,2.16,57448.44,2.39,"2025 jun.xlsx","old_state",6,"2025-06",27
36,"WEST BENGAL",2025-07-01,2025,425.54,2.19,62144.42,2.48,"2025 july.xlsx","old_state",7,"2025-07",28
36,"WEST BENGAL",2025-08-01,2025,436.15,2.18,62202.65,2.5,"2025 aug.xlsx","old_state",8,"2025-08",29
36,"WEST BENGAL",2025-09-01,2025,446.23,2.27,66198.25,2.66,"2025 sept.xlsx","old_state",9,"2025-09",30
36,"WEST BENGAL",2025-10-01,2025,447.84,2.16,65188.51,2.39,"2025 oct.xlsx","old_state",10,"2025-10",31
36,"WEST BENGAL",2025-11-01,2025,449.67,2.2,65964.8,2.51,"2025 nov.xlsx","old_state",11,"2025-11",32
36,"WEST BENGAL",2025-12-01,2025,478.71,2.21,71148.03,2.54,"2025 dec.xlsx","old_state",12,"2025-12",33
36,"WEST BENGAL",2026-01-01,2026,493.61,2.27,73684.08,2.6,"2026 jan.xlsx","old_state",1,"2026-01",34
36,"WEST BENGAL",2026-02-01,2026,448.26,2.2,69085.31,2.57,"2026 feb.xlsx","old_state",2,"2026-02",35
36,"WEST BENGAL",2026-03-01,2026,498.51,2.2,75210.95,2.55,"2026 mar.xlsx","new_district_total",3,"2026-03",36
36,"WEST BENGAL",2026-04-01,2026,498.2,2.2,72363.79,2.45,"2026 apr.xlsx","new_district_total",4,"2026-04",37
36,"WEST BENGAL",2026-05-01,2026,507.53,2.16,71079.56,2.35,"2026 may.xlsx","new_district_total",5,"2026-05",38
36,"WEST BENGAL",2026-06-01,2026,486.19,2.14,67568.46,2.34,"2026 jun.xlsx","new_district_total",6,"2026-06",39
